"ののしる","ののしる","To abuse verbally, scold harshly, or insult","<ruby>彼<rt>かれ</rt></ruby>は<ruby>友達<rt>ともだち</rt></ruby>をののしるのをやめた。","He stopped verbally abusing his friend."
"馴染む","なじむ","To adapt to, blend in, or become accustomed to","<ruby>新<rt>あたら</rt></ruby>しい<ruby>学校<rt>がっこう</rt></ruby>に<ruby>馴染<rt>なじ</rt></ruby>むのに<ruby>時間<rt>じかん</rt></ruby>がかかる。","It takes time to get used to a new school."
"足す","たす","To add something, increase by adding","<ruby>スープ<rt>すーぷ</rt></ruby>に<ruby>塩<rt>しお</rt></ruby>を<ruby>足<rt>た</rt></ruby>すと<ruby>味<rt>あじ</rt></ruby>がよくなる。","Adding salt to the soup makes it taste better."
"加える","くわえる","To add to, incorporate, or supplement","<ruby>料理<rt>りょうり</rt></ruby>に<ruby>香辛料<rt>こうしんりょう</rt></ruby>を<ruby>加<rt>くわ</rt></ruby>えると<ruby>風味<rt>ふうみ</rt></ruby>が<ruby>増<rt>ま</rt></ruby>す。","Adding spices to the dish enhances its flavor."
"答える","こたえる","To answer, respond, or reply","<ruby>先生<rt>せんせい</rt></ruby>の<ruby>質問<rt>しつもん</rt></ruby>に<ruby>答<rt>こた</rt></ruby>えるのは<ruby>簡単<rt>かんたん</rt></ruby>だった。","Answering the teacher’s question was easy."
"着く","つく","To arrive at a destination or reach a place","<ruby>駅<rt>えき</rt></ruby>に<ruby>着<rt>つ</rt></ruby>くのは<ruby>午後<rt>ごご</rt></ruby><ruby>三時<rt>さんじ</rt></ruby>だ。","I arrive at the station at 3 p.m."
"志す","こころざす","To aspire to, aim for, or set one’s sights on","<ruby>医者<rt>いしゃ</rt></ruby>を<ruby>志<rt>こころざ</rt></ruby>す<ruby>若者<rt>わかもの</rt></ruby>が<ruby>増<rt>ふ</rt></ruby>える。","More young people are aspiring to become doctors."
"襲う","おそう","To attack, assault, or strike suddenly","<ruby>嵐<rt>あらし</rt></ruby>が<ruby>町<rt>まち</rt></ruby>を<ruby>襲<rt>おそ</rt></ruby>うと<ruby>被害<rt>ひがい</rt></ruby>が出た。","When a storm hit the town, it caused damage."
"目立つ","めだつ","To attract attention, stand out, or be conspicuous","<ruby>彼女<rt>かのじょ</rt></ruby>は<ruby>派手<rt>はで</rt></ruby>な<ruby>服<rt>ふく</rt></ruby>で<ruby>目立<rt>めだ</rt></ruby>つ。","She stands out in flashy clothes."
"避ける","さける","To avoid, dodge, or steer clear of","<ruby>危険<rt>きけん</rt></ruby>を<ruby>避<rt>さ</rt></ruby>けるため<ruby>道<rt>みち</rt></ruby>を<ruby>変<rt>か</rt></ruby>えた。","I changed my route to avoid danger."
"焼く","やく","To bake, grill, or roast","<ruby>魚<rt>さかな</rt></ruby>を<ruby>焼<rt>や</rt></ruby>くと<ruby>美味<rt>おい</rt></ruby>しい<ruby>匂<rt>にお</rt></ruby>いがする。","Grilling fish produces a delicious aroma."
"禁じる","きんじる","To ban, prohibit, or forbid","<ruby>学校<rt>がっこう</rt></ruby>で<ruby>携帯<rt>けいたい</rt></ruby>を<ruby>禁<rt>きん</rt></ruby>じるルールがある。","There’s a rule at school prohibiting cell phones."
"いる","いる","To be or exist (used for animate objects)","<ruby>猫<rt>ねこ</rt></ruby>が<ruby>庭<rt>にわ</rt></ruby>にいるのを見た。","I saw a cat in the garden."
"ふける","ふける","To be absorbed in or obsessed with something","<ruby>彼<rt>かれ</rt></ruby>は<ruby>読書<rt>どくしょ</rt></ruby>にふけるのが<ruby>好<rt>す</rt></ruby>きだ。","He loves getting absorbed in reading."
"生きる","いきる","To be alive, live, or sustain life","<ruby>自然<rt>しぜん</rt></ruby>の<ruby>中<rt>なか</rt></ruby>で<ruby>生<rt>い</rt></ruby>きるのは<ruby>楽<rt>たの</rt></ruby>しい。","Living in nature is enjoyable."
"聞こえる","きこえる","To be audible or able to hear","<ruby>鳥<rt>とり</rt></ruby>の<ruby>声<rt>こえ</rt></ruby>が<ruby>聞<rt>き</rt></ruby>こえる朝は<ruby>気持<rt>きも</rt></ruby>ちいい。","Mornings when birdsong is audible feel pleasant."
"基づく","もとづく","To be based on or founded upon","<ruby>計画<rt>けいかく</rt></ruby>は<ruby>調査<rt>ちょうさ</rt></ruby>に<ruby>基<rt>もと</rt></ruby>づくものだ。","The plan is based on research."
"眩む","くらむ","To be blinded or get dizzy","<ruby>太陽<rt>たいよう</rt></ruby>を見て<ruby>目<rt>め</rt></ruby>が<ruby>眩む<rt>くらむ</rt></ruby>のを感じた。","I felt dizzy looking at the sun."
"生まれる","うまれる","To be born or come into existence","<ruby>赤<rt>あか</rt></ruby>ちゃんが<ruby>昨日<rt>きのう</rt></ruby><ruby>生まれる<rt>うまれる</rt></ruby>のを<ruby>祝<rt>いわ</rt></ruby>った。","We celebrated the baby’s birth yesterday."
"折れる","おれる","To be broken, snap, or yield","<ruby>木<rt>き</rt></ruby>の<ruby>枝<rt>えだ</rt></ruby>が<ruby>風<rt>かぜ</rt></ruby>で<ruby>折れる<rt>おれる</rt></ruby>音がした。","I heard the sound of a tree branch snapping in the wind."
"焦げる","こげる","To be burned or charred","<ruby>パン<rt>ぱん</rt></ruby>が<ruby>焼<rt>や</rt></ruby>きすぎて<ruby>焦げる<rt>こげる</rt></ruby>匂いがした。","The bread burned and gave off a charred smell."
"治る","なおる","To be cured or healed","<ruby>風邪<rt>かぜ</rt></ruby>がやっと<ruby>治る<rt>なおる</rt></ruby>ので<ruby>安心<rt>あんしん</rt></ruby>した。","I was relieved when my cold finally healed."
"決まる","きまる","To be decided or agreed upon","<ruby>会議<rt>かいぎ</rt></ruby>で<ruby>日程<rt>にってい</rt></ruby>が<ruby>決まる<rt>きまる</rt></ruby>はずだ。","The schedule should be decided at the meeting."
"異なる","ことなる","To be different from or vary","<ruby>彼<rt>かれ</rt></ruby>の<ruby>意見<rt>いけん</rt></ruby>は<ruby>私<rt>わたし</rt></ruby>と<ruby>異なる<rt>ことなる</rt></ruby>。","His opinion differs from mine."
"違う","ちがう","To be different or incorrect","<ruby>答<rt>こた</rt></ruby>えが<ruby>違<rt>ちが</rt></ruby>うので<ruby>確認<rt>かくにん</rt></ruby>してください。","The answer is wrong, so please check."
"酔っ払う","よっぱらう","To be drunk or intoxicated","<ruby>彼<rt>かれ</rt></ruby>は<ruby>酒<rt>さけ</rt></ruby>を<ruby>飲<rt>の</rt></ruby>んで<ruby>酔っ払う<rt>よっぱらう</rt></ruby>と<ruby>歌<rt>うた</rt></ruby>う。","He sings when he gets drunk from drinking sake."
"足りる","たりる","To be enough or sufficient","<ruby>お金<rt>おかね</rt></ruby>が<ruby>足りる<rt>たりる</rt></ruby>か<ruby>心配<rt>しんぱい</rt></ruby>した。","I worried whether the money would be enough."
"ドキドキする","どきどきする","To be excited or nervous (heart pounding)","<ruby>試験<rt>しけん</rt></ruby><ruby>前<rt>まえ</rt></ruby>に<ruby>ドキドキする<rt>どきどきする</rt></ruby>のは<ruby>普通<rt>ふつう</rt></ruby>だ。","Feeling nervous before an exam is normal."
"見つかる","みつかる","To be found or discovered","<ruby>無<rt>な</rt></ruby>くした<ruby>鍵<rt>かぎ</rt></ruby>が<ruby>見つかる<rt>みつかる</rt></ruby>と<ruby>安心<rt>あんしん</rt></ruby>した。","I was relieved when the lost key was found."
"たまげる","たまげる","To be frightened, shocked, or astonished","<ruby>突然<rt>とつぜん</rt></ruby>の<ruby>音<rt>おと</rt></ruby>に<ruby>たまげる<rt>たまげる</rt></ruby>ほど<ruby>驚<rt>おどろ</rt></ruby>いた。","I was so shocked by the sudden noise that I was startled."
"喜ぶ","よろこぶ","To be glad, pleased, or delighted","<ruby>子供<rt>こども</rt></ruby>たちは<ruby>プレゼント<rt>ぷれぜんと</rt></ruby>に<ruby>喜ぶ<rt>よろこぶ</rt></ruby>。","The children are delighted with the presents."
"困る","こまる","To be in trouble or perplexed","<ruby>宿題<rt>しゅくだい</rt></ruby>が<ruby>多<rt>おお</rt></ruby>すぎて<ruby>困る<rt>こまる</rt></ruby>。","I’m in trouble because there’s too much homework."
"遅れる","おくれる","To be late or lag behind","<ruby>電車<rt>でんしゃ</rt></ruby>が<ruby>遅れる<rt>おくれる</rt></ruby>ので<ruby>急<rt>いそ</rt></ruby>いだ。","I hurried because the train was late."
"怠ける","なまける","To be lazy or slack off","<ruby>勉強<rt>べんきょう</rt></ruby>を<ruby>怠ける<rt>なまける</rt></ruby>と<ruby>成績<rt>せいせき</rt></ruby>が<ruby>落<rt>お</rt></ruby>ちる。","If you slack off on studying, your grades will drop."
"無くなる","なくなる","To be missing, vanish, or run out","<ruby>牛乳<rt>ぎゅうにゅう</rt></ruby>が<ruby>冷蔵庫<rt>れいぞうこ</rt></ruby>から<ruby>無くなる<rt>なくなる</rt></ruby>。","The milk has run out from the fridge."
"混じる","まじる","To be mixed or mingled","<ruby>色<rt>いろ</rt></ruby>が<ruby>混じる<rt>まじる</rt></ruby>と<ruby>新<rt>あたら</rt></ruby>しい<ruby>色<rt>いろ</rt></ruby>が生まれる。","When colors mix, a new color is created."
"次ぐ","つぐ","To be next in sequence or succeed","<ruby>彼<rt>かれ</rt></ruby>が<ruby>次<rt>つ</rt></ruby>ぐ<ruby>社長<rt>しゃちょう</rt></ruby>に<ruby>選<rt>えら</rt></ruby>ばれた。","He was chosen as the next president."
"緊張する","きんちょうする","To be nervous or tense","<ruby>面接<rt>めんせつ</rt></ruby>で<ruby>緊張する<rt>きんちょうする</rt></ruby>のは<ruby>自然<rt>しぜん</rt></ruby>だ。","Feeling nervous during an interview is natural."
"もてる","もてる","To be popular or well-liked","<ruby>彼<rt>かれ</rt></ruby>は<ruby>優<rt>やさ</rt></ruby>しさで<ruby>皆<rt>みな</rt></ruby>に<ruby>もてる<rt>もてる</rt></ruby>。","He is popular with everyone because of his kindness."
"儲かる","もうかる","To be profitable or make money","<ruby>新<rt>あたら</rt></ruby>しい<ruby>事業<rt>じぎょう</rt></ruby>が<ruby>儲かる<rt>もうかる</rt></ruby>と<ruby>期待<rt>きたい</rt></ruby>される。","The new business is expected to be profitable."
"迷う","まよう","To be puzzled, lost, or unsure","<ruby>道<rt>みち</rt></ruby>に<ruby>迷う<rt>まよう</rt></ruby>と<ruby>地図<rt>ちず</rt></ruby>を<ruby>見<rt>み</rt></ruby>る。","When I get lost, I look at a map."
"蘇る","よみがえる","To be resurrected or revived","<ruby>古<rt>ふる</rt></ruby>い<ruby>記憶<rt>きおく</rt></ruby>が<ruby>蘇る<rt>よみがえる</rt></ruby>瞬間があった。","There was a moment when old memories were revived."
"悲しむ","かなしむ","To be sad or grieve","<ruby>彼女<rt>かのじょ</rt></ruby>は<ruby>友達<rt>ともだち</rt></ruby>の<ruby>死<rt>し</rt></ruby>を<ruby>悲しむ<rt>かなしむ</rt></ruby>。","She grieves over her friend’s death."
"たまる","たまる","To be saved or accumulated","<ruby>貯金<rt>ちょきん</rt></ruby>が<ruby>少<rt>すこ</rt></ruby>しずつ<ruby>たまる<rt>たまる</rt></ruby>のが<ruby>楽<rt>たの</rt></ruby>しい。","It’s fun to gradually save money."
"滑る","すべる","To be slippery or slide","<ruby>氷<rt>こおり</rt></ruby>の<ruby>上<rt>うえ</rt></ruby>は<ruby>滑る<rt>すべる</rt></ruby>ので<ruby>注意<rt>ちゅうい</rt></ruby>が必要だ。","You need to be careful because ice is slippery."
"驚く","おどろく","To be surprised or amazed","<ruby>彼<rt>かれ</rt></ruby>の<ruby>才能<rt>さいのう</rt></ruby>に<ruby>驚く<rt>おどろく</rt></ruby>ばかりだ。","I can’t help but be amazed at his talent."
"見える","みえる","To be visible or able to see","<ruby>山<rt>やま</rt></ruby>の<ruby>頂上<rt>ちょうじょう</rt></ruby>が<ruby>見える<rt>みえる</rt></ruby>場所に<ruby>立<rt>た</rt></ruby>つ。","I stand in a place where the mountain peak is visible."
"恨む","うらむ","To bear a grudge or resent","<ruby>彼<rt>かれ</rt></ruby>は<ruby>裏切<rt>うらぎ</rt></ruby>りを<ruby>恨む<rt>うらむ</rt></ruby>気持ちを<ruby>抑<rt>おさ</rt></ruby>えた。","He suppressed his resentment over the betrayal."
"なる","なる","To become or turn into","<ruby>天気<rt>てんき</rt></ruby>が<ruby>悪<rt>わる</rt></ruby>く<ruby>なる<rt>なる</rt></ruby>前に<ruby>帰<rt>かえ</rt></ruby>る。","I return home before the weather gets bad."
"霞む","かすむ","To become blurred or hazy","<ruby>霧<rt>きり</rt></ruby>で<ruby>景色<rt>けしき</rt></ruby>が<ruby>霞む<rt>かすむ</rt></ruby>朝だった。","It was a morning when the scenery was hazy with fog."
"込む","こむ","To become crowded or congested","<ruby>電車<rt>でんしゃ</rt></ruby>が<ruby>朝<rt>あさ</rt></ruby>に<ruby>込む<rt>こむ</rt></ruby>ので<ruby>早<rt>はや</rt></ruby>く<ruby>出<rt>で</rt></ruby>る。","The train gets crowded in the morning, so I leave early."
"現る","あらわる","To appear or become visible (often mysteriously)","<ruby>幽霊<rt>ゆうれい</rt></ruby>が<ruby>夜<rt>よる</rt></ruby>に<ruby>現る<rt>あらわる</rt></ruby>という<ruby>噂<rt>うわさ</rt></ruby>だ。","There’s a rumor that a ghost appears at night."
"乾く","かわく","To become dry or dried out","<ruby>洗濯物<rt>せんたくもの</rt></ruby>が<ruby>太陽<rt>たいよう</rt></ruby>で<ruby>乾く<rt>かわく</rt></ruby>のを<ruby>待<rt>ま</rt></ruby>つ。","I wait for the laundry to dry in the sun."
"空く","あく","To become empty or uncrowded","<ruby>店<rt>みせ</rt></ruby>が<ruby>夕方<rt>ゆうがた</rt></ruby>に<ruby>空く<rt>あく</rt></ruby>ので<ruby>行<rt>い</rt></ruby>く。","I go to the shop when it gets empty in the evening."
"痛む","いたむ","To become hurt, damaged, or sore","<ruby>歯<rt>は</rt></ruby>が<ruby>痛む<rt>いたむ</rt></ruby>ので<ruby>医者<rt>いしゃ</rt></ruby>に<ruby>行<rt>い</rt></ruby>く。","My tooth hurts, so I go to the doctor."
"流行る","はやる","To become popular or trendy","<ruby>新<rt>あたら</rt></ruby>しい<ruby>ゲーム<rt>げーむ</rt></ruby>が<ruby>若者<rt>わかもの</rt></ruby>に<ruby>流行<rt>はやる</rt></ruby>る。","A new game is becoming popular among young people."
"強まる","つよまる","To become stronger or intensify","<ruby>風<rt>かぜ</rt></ruby>が<ruby>夜<rt>よる</rt></ruby>に<ruby>強まる<rt>つよまる</rt></ruby>と<ruby>予報<rt>よほう</rt></ruby>された。","It was forecasted that the wind would strengthen at night."
"濡れる","ぬれる","To become wet or soaked","<ruby>雨<rt>あめ</rt></ruby>で<ruby>服<rt>ふく</rt></ruby>が<ruby>濡れる<rt>ぬれる</rt></ruby>ので<ruby>傘<rt>かさ</rt></ruby>を<ruby>持<rt>も</rt></ruby>つ。","My clothes get wet in the rain, so I carry an umbrella."
"始まる","はじまる","To begin or start","<ruby>授業<rt>じゅぎょう</rt></ruby>が<ruby>朝<rt>あさ</rt></ruby><ruby>九時<rt>くじ</rt></ruby>に<ruby>始まる<rt>はじまる</rt></ruby>。","Class starts at 9 a.m."
"信じる","しんじる","To believe or trust in","<ruby>彼<rt>かれ</rt></ruby>の<ruby>言葉<rt>ことば</rt></ruby>を<ruby>信じる<rt>しんじる</rt></ruby>ことにした。","I decided to believe his words."
"みくびる","みくびる","To belittle, despise, or underestimate","<ruby>相手<rt>あいて</rt></ruby>を<ruby>みくびる<rt>みくびる</rt></ruby>と<ruby>失敗<rt>しっぱい</rt></ruby>するよ。","You’ll fail if you underestimate your opponent."
"捻る","ひねる","To bend, twist, or turn","<ruby>蓋<rt>ふた</rt></ruby>を<ruby>捻る<rt>ひねる</rt></ruby>と<ruby>簡単<rt>かんたん</rt></ruby>に<ruby>開<rt>あ</rt></ruby>く。","Twisting the lid opens it easily."
"噛む","かむ","To bite or chew","<ruby>犬<rt>いぬ</rt></ruby>が<ruby>骨<rt>ほね</rt></ruby>を<ruby>噛む<rt>かむ</rt></ruby>音が<ruby>聞<rt>き</rt></ruby>こえる。","I can hear the dog chewing a bone."
"咲く","さく","To bloom or blossom","<ruby>桜<rt>さくら</rt></ruby>が<ruby>春<rt>はる</rt></ruby>に<ruby>咲く<rt>さく</rt></ruby>のが<ruby>美<rt>うつく</rt></ruby>しい。","Cherry blossoms blooming in spring are beautiful."
"吹く","ふく","To blow (wind) or wipe","<ruby>強<rt>つよ</rt></ruby>い<ruby>風<rt>かぜ</rt></ruby>が<ruby>吹く<rt>ふく</rt></ruby>と<ruby>木<rt>き</rt></ruby>が<ruby>揺<rt>ゆ</rt></ruby>れる。","When a strong wind blows, the trees sway."
"乗る","のる","To board, ride, or get on","<ruby>バス<rt>ばす</rt></ruby>に<ruby>乗る<rt>のる</rt></ruby>前に<ruby>切符<rt>きっぷ</rt></ruby>を<ruby>買<rt>か</rt></ruby>う。","I buy a ticket before boarding the bus."
"威張る","いばる","To boast, act arrogantly, or show off","<ruby>彼<rt>かれ</rt></ruby>は<ruby>成績<rt>せいせき</rt></ruby>がいいと<ruby>威張る<rt>いばる</rt></ruby>。","He boasts about his good grades."
"借りる","かりる","To borrow or rent","<ruby>図書館<rt>としょかん</rt></ruby>で<ruby>本<rt>ほん</rt></ruby>を<ruby>借りる<rt>かりる</rt></ruby>のが<ruby>好<rt>す</rt></ruby>きだ。","I like borrowing books from the library."
"壊れる","こわれる","To break or become damaged","<ruby>古<rt>ふる</rt></ruby>い<ruby>時計<rt>とけい</rt></ruby>が<ruby>壊れる<rt>こわれる</rt></ruby>と<ruby>悲<rt>かな</rt></ruby>しい。","It’s sad when an old clock breaks."
"呼吸する","こきゅうする","To breathe or take a breath","<ruby>深<rt>ふか</rt></ruby>く<ruby>呼吸する<rt>こきゅうする</rt></ruby>と<ruby>気分<rt>きぶん</rt></ruby>が<ruby>落<rt>お</rt></ruby>ちつく。","Taking deep breaths calms my mood."
"切れる","きれる","To break, be cut off, or expire","<ruby>糸<rt>いと</rt></ruby>が<ruby>切れる<rt>きれる</rt></ruby>と<ruby>縫<rt>ぬ</rt></ruby>うのが<ruby>難<rt>むずか</rt></ruby>しい。","When the thread breaks, sewing becomes difficult."
"立てる","たてる","To build, erect, or set up","<ruby>新<rt>あたら</rt></ruby>しい<ruby>家<rt>いえ</rt></ruby>を<ruby>立てる<rt>たてる</rt></ruby>のに<ruby>時間<rt>じかん</rt></ruby>がかかる。","Building a new house takes time."
"焼ける","やける","To burn or be scorched","<ruby>肉<rt>にく</rt></ruby>が<ruby>焼ける<rt>やける</rt></ruby>と<ruby>良<rt>よ</rt></ruby>い<ruby>匂<rt>にお</rt></ruby>いがする。","When meat is grilled, it smells good."
"買う","かう","To buy or purchase","<ruby>新<rt>あたら</rt></ruby>しい<ruby>靴<rt>くつ</rt></ruby>を<ruby>買う<rt>かう</rt></ruby>ために<ruby>店<rt>みせ</rt></ruby>に<ruby>行<rt>い</rt></ruby>く。","I go to the shop to buy new shoes."
"呼ぶ","よぶ","To call or summon","<ruby>友達<rt>ともだち</rt></ruby>を<ruby>呼ぶ<rt>よぶ</rt></ruby>と<ruby>一緒<rt>いっしょ</rt></ruby>に<ruby>遊<rt>あそ</rt></ruby>べる。","Calling a friend lets us play together."
"電話する","でんわする","To call or phone someone","<ruby>母<rt>はは</rt></ruby>に<ruby>電話する<rt>でんわする</rt></ruby>と<ruby>安心<rt>あんしん</rt></ruby>する。","Calling my mom makes me feel at ease."
"出来る","できる","To be able to do or be completed","<ruby>宿題<rt>しゅくだい</rt></ruby>が<ruby>時間<rt>じかん</rt></ruby>までに<ruby>出来る<rt>できる</rt></ruby>かな。","I wonder if I can finish my homework on time."
"気を付ける","きをつける","To take care or be cautious","<ruby>道<rt>みち</rt></ruby>で<ruby>気を付ける<rt>きをつける</rt></ruby>と<ruby>安全<rt>あんぜん</rt></ruby>だ。","Being careful on the road keeps you safe."
"構う","かまう","To care about or mind something","<ruby>小<rt>ちい</rt></ruby>さな<ruby>事<rt>こと</rt></ruby>には<ruby>構う<rt>かまう</rt></ruby>なと言われた。","I was told not to care about small things."
"運ぶ","はこぶ","To carry or transport","<ruby>荷物<rt>にもつ</rt></ruby>を<ruby>駅<rt>えき</rt></ruby>まで<ruby>運ぶ<rt>はこぶ</rt></ruby>のを<ruby>手伝<rt>てつだ</rt></ruby>う。","I help carry luggage to the station."
"担ぐ","かつぐ","To carry on the shoulders","<ruby>重<rt>おも</rt></ruby>い<ruby>袋<rt>ふくろ</rt></ruby>を<ruby>担ぐ<rt>かつぐ</rt></ruby>のは<ruby>大変<rt>たいへん</rt></ruby>だ。","Carrying a heavy bag on the shoulder is tough."
"挟む","はさむ","To catch or hold between two things","<ruby>本<rt>ほん</rt></ruby>に<ruby>栞<rt>しおり</rt></ruby>を<ruby>挟む<rt>はさむ</rt></ruby>と<ruby>便利<rt>べんり</rt></ruby>だ。","Placing a bookmark in a book is convenient."
"祝う","いわう","To celebrate or congratulate","<ruby>誕生日<rt>たんじょうび</rt></ruby>を<ruby>祝う<rt>いわう</rt></ruby>ために<ruby>集<rt>あつ</rt></ruby>まる。","We gather to celebrate a birthday."
"変える","かえる","To change or alter","<ruby>計画<rt>けいかく</rt></ruby>を<ruby>変える<rt>かえる</rt></ruby>と<ruby>皆<rt>みな</rt></ruby>に<ruby>伝<rt>つた</rt></ruby>えた。","I told everyone I’d change the plan."
"変わる","かわる","To change or transform","<ruby>季節<rt>きせつ</rt></ruby>が<ruby>変わる<rt>かわる</rt></ruby>と<ruby>景色<rt>けしき</rt></ruby>も<ruby>変<rt>か</rt></ruby>わる。","When the season changes, the scenery changes too."
"追う","おう","To chase or pursue","<ruby>犬<rt>いぬ</rt></ruby>が<ruby>猫<rt>ねこ</rt></ruby>を<ruby>追う<rt>おう</rt></ruby>のを<ruby>見<rt>み</rt></ruby>た。","I saw a dog chasing a cat."
"喋る","しゃべる","To chatter or talk","<ruby>友達<rt>ともだち</rt></ruby>と<ruby>喋る<rt>しゃべる</rt></ruby>のは<ruby>楽<rt>たの</rt></ruby>しい。","Chatting with friends is fun."
"調べる","しらべる","To check or investigate","<ruby>問題<rt>もんだい</rt></ruby>を<ruby>調<rt>しら</rt></ruby>べると<ruby>原因<rt>げんいん</rt></ruby>が<ruby>分<rt>わ</rt></ruby>かった。","Investigating the problem revealed its cause."
"選ぶ","えらぶ","To choose or select","<ruby>服<rt>ふく</rt></ruby>を<ruby>選ぶ<rt>えらぶ</rt></ruby>のに<ruby>時間<rt>じかん</rt></ruby>がかかる。","Choosing clothes takes time."
"食い違う","くいちがう","To clash or disagree","<ruby>意見<rt>いけん</rt></ruby>が<ruby>食い違う<rt>くいちがう</rt></ruby>と<ruby>話<rt>はなし</rt></ruby>が進まない。","When opinions clash, the discussion doesn’t progress."
"晴れる","はれる","To clear up or become tidy","<ruby>雨<rt>あめ</rt></ruby>が<ruby>止<rt>や</rt></ruby>むと<ruby>空<rt>そら</rt></ruby>が<ruby>晴れる<rt>はれる</rt></ruby>。","When the rain stops, the sky clears up."
"登る","のぼる","To climb or ascend","<ruby>山<rt>やま</rt></ruby>を<ruby>登る<rt>のぼる</rt></ruby>と<ruby>景色<rt>けしき</rt></ruby>が<ruby>美<rt>うつく</rt></ruby>しい。","Climbing a mountain offers beautiful scenery."
"閉まる","しまる","To close or be shut","<ruby>店<rt>みせ</rt></ruby>が<ruby>夜<rt>よる</rt></ruby>に<ruby>閉まる<rt>しまる</rt></ruby>ので<ruby>早<rt>はや</rt></ruby>く<ruby>行<rt>い</rt></ruby>く。","The shop closes at night, so I go early."
"崩れる","くずれる","To collapse or cave in","<ruby>古<rt>ふる</rt></ruby>い<ruby>壁<rt>かべ</rt></ruby>が<ruby>崩れる<rt>くずれる</rt></ruby>危険がある。","There’s a risk that the old wall will collapse."
"来る","くる","To come or arrive","<ruby>友達<rt>ともだち</rt></ruby>が<ruby>家<rt>いえ</rt></ruby>に<ruby>来る<rt>くる</rt></ruby>と<ruby>楽<rt>たの</rt></ruby>しい。","It’s fun when a friend comes to my house."
"外れる","はずれる","To come off or miss the mark","<ruby>矢<rt>や</rt></ruby>が<ruby>的<rt>まと</rt></ruby>から<ruby>外れる<rt>はずれる</rt></ruby>と<ruby>悔<rt>くや</rt></ruby>しい。","It’s frustrating when the arrow misses the target."
"解ける","ほどける","To come untied or be solved","<ruby>靴<rt>くつ</rt></ruby>の<ruby>紐<rt>ひも</rt></ruby>が<ruby>解ける<rt>ほどける</rt></ruby>ので<ruby>結<rt>むす</rt></ruby>び<ruby>直<rt>なお</rt></ruby>す。","My shoelaces come untied, so I tie them again."
"慰める","なぐさめる","To comfort or console","<ruby>泣<rt>な</rt></ruby>く<ruby>子<rt>こ</rt></ruby>を<ruby>慰める<rt>なぐさめる</rt></ruby>ために<ruby>話<rt>はな</rt></ruby>す。","I talk to comfort a crying child."
"言いつける","いいつける","To command or tell someone to do something","<ruby>子供<rt>こども</rt></ruby>に<ruby>部屋<rt>へや</rt></ruby>を<ruby>片付<rt>かたづ</rt></ruby>けるよう<ruby>言いつける<rt>いいつける</rt></ruby>。","I tell the kids to clean their room."
"通う","かよう","To commute or attend regularly","<ruby>学校<rt>がっこう</rt></ruby>に<ruby>毎日<rt>まいにち</rt></ruby><ruby>通う<rt>かよう</rt></ruby>のは<ruby>大変<rt>たいへん</rt></ruby>だ。","Commuting to school every day is tough."
"比べる","くらべる","To compare or contrast","<ruby>二<rt>に</rt></ruby>つの<ruby>商品<rt>しょうひん</rt></ruby>を<ruby>比べる<rt>くらべる</rt></ruby>と<ruby>違<rt>ちが</rt></ruby>いが<ruby>分<rt>わ</rt></ruby>かる。","Comparing two products reveals their differences."
"文句を言う","もんくをいう","To complain or grumble","<ruby>彼<rt>かれ</rt></ruby>は<ruby>食事<rt>しょくじ</rt></ruby>に<ruby>文句を言う<rt>もんくをいう</rt></ruby>ことが<ruby>多<rt>おお</rt></ruby>い。","He often complains about the food."
"凝らす","こらす","To concentrate or focus intently","<ruby>仕事<rt>しごと</rt></ruby>に<ruby>凝らす<rt>こらす</rt></ruby>と<ruby>時間<rt>じかん</rt></ruby>を<ruby>忘<rt>わす</rt></ruby>れる。","Focusing on work makes me forget time."
"繋ぐ","つなぐ","To connect or fasten","<ruby>二<rt>に</rt></ruby>つの<ruby>ロープ<rt>ろーぷ</rt></ruby>を<ruby>繋ぐ<rt>つなぐ</rt></ruby>と<ruby>長<rt>なが</rt></ruby>くなる。","Connecting two ropes makes them longer."
"連絡する","れんらくする","To contact or get in touch","<ruby>友達<rt>ともだち</rt></ruby>に<ruby>連絡する<rt>れんらくする</rt></ruby>と<ruby>会<rt>あ</rt></ruby>える。","Contacting a friend lets us meet up."
"続ける","つづける","To continue or keep doing","<ruby>毎日<rt>まいにち</rt></ruby><ruby>運動<rt>うんどう</rt></ruby>を<ruby>続ける<rt>つづける</rt></ruby>と<ruby>健康<rt>けんこう</rt></ruby>になる。","Continuing daily exercise makes you healthy."
"続く","つづく","To continue or follow","<ruby>雨<rt>あめ</rt></ruby>が<ruby>三日<rt>みっか</rt></ruby><ruby>続<rt>つづ</rt></ruby>くと<ruby>困<rt>こま</rt></ruby>る。","It’s troublesome if the rain continues for three days."
"料理する","りょうりする","To cook or prepare food","<ruby>夕飯<rt>ゆうはん</rt></ruby>を<ruby>料理する<rt>りょうりする</rt></ruby>のは<ruby>楽<rt>たの</rt></ruby>しい。","Cooking dinner is fun."
"冷やす","ひやす","To cool or refrigerate","<ruby>飲<rt>の</rt></ruby>み<ruby>物<rt>もの</rt></ruby>を<ruby>冷蔵庫<rt>れいぞうこ</rt></ruby>で<ruby>冷やす<rt>ひやす</rt></ruby>。","I cool drinks in the fridge."
"冷える","ひえる","To cool down or become cold","<ruby>夜<rt>よる</rt></ruby>に<ruby>体<rt>からだ</rt></ruby>が<ruby>冷える<rt>ひえる</rt></ruby>ので<ruby>暖<rt>あたた</rt></ruby>かくする。","My body gets cold at night, so I warm up."
"数える","かぞえる","To count or enumerate","<ruby>星<rt>ほし</rt></ruby>を<ruby>数える<rt>かぞえる</rt></ruby>と<ruby>楽<rt>たの</rt></ruby>しい<ruby>夜<rt>よる</rt></ruby>になる。","Counting stars makes for a fun night."
"渡る","わたる","To cross or go over","<ruby>橋<rt>はし</rt></ruby>を<ruby>渡る<rt>わたる</rt></ruby>と<ruby>町<rt>まち</rt></ruby>に<ruby>着<rt>つ</rt></ruby>く。","Crossing the bridge gets you to the town."
"越す","こす","To cross, pass, or move ahead","<ruby>山<rt>やま</rt></ruby>を<ruby>越す<rt>こす</rt></ruby>と<ruby>村<rt>むら</rt></ruby>が見える。","Crossing the mountain reveals a village."
"砕く","くだく","To crush or smash","<ruby>氷<rt>こおり</rt></ruby>を<ruby>砕く<rt>くだく</rt></ruby>と<ruby>飲<rt>の</rt></ruby>み<ruby>物<rt>もの</rt></ruby>が<ruby>冷<rt>ひ</rt></ruby>える。","Crushing ice cools the drink."
"鳴く","なく","To cry or make a sound (animals)","<ruby>鳥<rt>とり</rt></ruby>が<ruby>朝<rt>あさ</rt></ruby>に<ruby>鳴く<rt>なく</rt></ruby>のが<ruby>好<rt>す</rt></ruby>きだ。","I like it when birds sing in the morning."
"切る","きる","To cut or slice","<ruby>野菜<rt>やさい</rt></ruby>を<ruby>切る<rt>きる</rt></ruby>と<ruby>料理<rt>りょうり</rt></ruby>が<ruby>簡単<rt>かんたん</rt></ruby>になる。","Cutting vegetables makes cooking easier."
"踊る","おどる","To dance","<ruby>祭<rt>まつ</rt></ruby>りで<ruby>皆<rt>みな</rt></ruby>が<ruby>踊る<rt>おどる</rt></ruby>のを<ruby>見<rt>み</rt></ruby>る。","I watch everyone dance at the festival."
"付き合う","つきあう","To date or keep company","<ruby>彼<rt>かれ</rt></ruby>と<ruby>付き合う<rt>つきあう</rt></ruby>のは<ruby>楽<rt>たの</rt></ruby>しい。","Dating him is fun."
"腐る","くさる","To decay, rot, or be depressed","<ruby>果物<rt>くだもの</rt></ruby>が<ruby>腐る<rt>くさる</rt></ruby>前に<ruby>食<rt>た</rt></ruby>べる。","I eat fruit before it rots."
"偽る","いつわる","To deceive or lie","<ruby>本当<rt>ほんとう</rt></ruby>の<ruby>気持<rt>きも</rt></ruby>ちを<ruby>偽る<rt>いつわる</rt></ruby>のはよくない。","It’s not good to lie about true feelings."
"決める","きめる","To decide or choose","<ruby>旅行<rt>りょこう</rt></ruby>の<ruby>行<rt>ゆ</rt></ruby>き<ruby>先<rt>さき</rt></ruby>を<ruby>決める<rt>きめる</rt></ruby>のは<ruby>楽<rt>たの</rt></ruby>しい。","Choosing a travel destination is fun."
"定める","さだめる","To decide or establish","<ruby>規則<rt>きそく</rt></ruby>を<ruby>定める<rt>さだめる</rt></ruby>と<ruby>皆<rt>みな</rt></ruby>が<ruby>従<rt>したが</rt></ruby>う。","Establishing rules makes everyone follow them."
"飾る","かざる","To decorate or display","<ruby>部屋<rt>へや</rt></ruby>を<ruby>花<rt>はな</rt></ruby>で<ruby>飾る<rt>かざる</rt></ruby>と<ruby>明<rt>あか</rt></ruby>るくなる。","Decorating the room with flowers brightens it."
"減る","へる","To decrease or reduce","<ruby>食欲<rt>しょくよく</rt></ruby>が<ruby>減る<rt>へる</rt></ruby>と<ruby>心配<rt>しんぱい</rt></ruby>になる。","I worry when my appetite decreases."
"負かす","まかす","To defeat or overcome","<ruby>試合<rt>しあい</rt></ruby>で<ruby>相手<rt>あいて</rt></ruby>を<ruby>負かす<rt>まかす</rt></ruby>のは<ruby>気持<rt>きも</rt></ruby>ちいい。","Defeating an opponent in a match feels good."
"配達する","はいたつする","To deliver or distribute","<ruby>荷物<rt>にもつ</rt></ruby>を<ruby>家<rt>いえ</rt></ruby>に<ruby>配達する<rt>はいたつする</rt></ruby>サービスがある。","There’s a service that delivers packages to my house."
"依る","よる","To depend on or rely on","<ruby>成功<rt>せいこう</rt></ruby>は<ruby>努力<rt>どりょく</rt></ruby>に<ruby>依る<rt>よる</rt></ruby>と<ruby>信<rt>しん</rt></ruby>じる。","I believe success depends on effort."
"言い表す","いいあらわす","To describe or express","<ruby>感<rt>かん</rt></ruby>じを<ruby>言葉<rt>ことば</rt></ruby>で<ruby>言い表す<rt>いいあらわす</rt></ruby>のは<ruby>難<rt>むずか</rt></ruby>しい。","Expressing feelings in words is difficult."
"崩す","くずす","To destroy or break down","<ruby>積<rt>つ</rt></ruby>んだ<ruby>ブロック<rt>ぶろっく</rt></ruby>を<ruby>崩す<rt>くずす</rt></ruby>と<ruby>楽<rt>たの</rt></ruby>しい。","Knocking down stacked blocks is fun."
"滅ぼす","ほろぼす","To destroy or ruin completely","<ruby>敵<rt>てき</rt></ruby>を<ruby>滅ぼす<rt>ほろぼす</rt></ruby>のは<ruby>簡単<rt>かんたん</rt></ruby>ではない。","Destroying the enemy is not easy."
"死ぬ","しぬ","To die or pass away","<ruby>花<rt>はな</rt></ruby>が<ruby>水<rt>みず</rt></ruby>なく<ruby>死ぬ<rt>しぬ</rt></ruby>のは<ruby>悲<rt>かな</rt></ruby>しい。","It’s sad when flowers die without water."
"掘る","ほる","To dig or excavate","<ruby>庭<rt>にわ</rt></ruby>で<ruby>穴<rt>あな</rt></ruby>を<ruby>掘る<rt>ほる</rt></ruby>と<ruby>宝<rt>たから</rt></ruby>が見つかるかも。","Digging a hole in the garden might uncover treasure."
"話し合う","はなしあう","To discuss or talk over","<ruby>家族<rt>かぞく</rt></ruby>で<ruby>計画<rt>けいかく</rt></ruby>を<ruby>話し合う<rt>はなしあう</rt></ruby>のは<ruby>大切<rt>たいせつ</rt></ruby>だ。","Discussing plans with family is important."
"嫌がる","いやがる","To dislike or be reluctant","<ruby>子供<rt>こども</rt></ruby>は<ruby>野菜<rt>やさい</rt></ruby>を<ruby>嫌がる<rt>いやがる</rt></ruby>ことが<ruby>多<rt>おお</rt></ruby>い。","Children often dislike vegetables."
"分ける","わける","To divide or separate","<ruby>ケーキ<rt>け捏<rt>ね</rt></ruby>る<rt>ね</rt></ruby>を<ruby>皆<rt>みな</rt></ruby>で<ruby>分ける<rt>わける</rt></ruby>と<ruby>楽<rt>たの</rt></ruby>しい。","Sharing a cake with everyone is fun."
"離婚する","りこんする","To divorce or end a marriage","<ruby>彼<rt>かれ</rt></ruby>らは<ruby>離婚する<rt>りこんする</rt></ruby>ことを<ruby>決<rt>き</rt></ruby>めた。","They decided to get divorced."
"する","する","To do or perform","<ruby>毎日<rt>まいにち</rt></ruby><ruby>運動<rt>うんどう</rt></ruby>を<ruby>する<rt>する</rt></ruby>と<ruby>健康<rt>けんこう</rt></ruby>になる。","Doing exercise every day makes you healthy."
"やる","やる","To do or carry out","<ruby>仕事<rt>しごと</rt></ruby>を<ruby>早<rt>はや</rt></ruby>く<ruby>やる<rt>やる</rt></ruby>と<ruby>時間<rt>じかん</rt></ruby>が<ruby>余<rt>あ</rt></ruby>る。","Doing work quickly leaves extra time."
"頑張る","がんばる","To do one’s best or persevere","<ruby>試験<rt>しけん</rt></ruby>で<ruby>頑張る<rt>がんばる</rt></ruby>と<ruby>結果<rt>けっか</rt></ruby>が出る。","Trying hard on the exam yields results."
"ダウンロードする","だうんろーどする","To download data or files","<ruby>新<rt>あたら</rt></ruby>しい<ruby>アプリ<rt>あぷり</rt></ruby>を<ruby>ダウンロードする<rt>だうんろーどする</rt></ruby>と<ruby>便利<rt>べんり</rt></ruby>だ。","Downloading a new app is convenient."
"疑う","うたがう","To doubt or suspect","<ruby>彼<rt>かれ</rt></ruby>の<ruby>話<rt>はなし</rt></ruby>を<ruby>疑う<rt>うたがう</rt></ruby>のは<ruby>自然<rt>しぜん</rt></ruby>だ。","It’s natural to doubt his story."
"描く","かく","To draw or paint","<ruby>子供<rt>こども</rt></ruby>が<ruby>絵<rt>え</rt></ruby>を<ruby>描く<rt>かく</rt></ruby>と<ruby>笑顔<rt>えがお</rt></ruby>になる。","Children smile when they draw pictures."
"飲む","のむ","To drink or swallow","<ruby>暑<rt>あつ</rt></ruby>い<ruby>日<rt>ひ</rt></ruby>に<ruby>水<rt>みず</rt></ruby>を<ruby>飲む<rt>のむ</rt></ruby>と<ruby>気持<rt>きも</rt></ruby>ちいい。","Drinking water on a hot day feels good."
"運転する","うんてんする","To drive or operate a vehicle","<ruby>車<rt>くるま</rt></ruby>を<ruby>運転する<rt>うんてんする</rt></ruby>のは<ruby>楽<rt>たの</rt></ruby>しい。","Driving a car is fun."
"干す","ほす","To dry or air out","<ruby>洗濯物<rt>せんたくもの</rt></ruby>を<ruby>外<rt>そと</rt></ruby>で<ruby>干す<rt>ほす</rt></ruby>と<ruby>早<rt>はや</rt></ruby>く<ruby>乾<rt>かわ</rt></ruby>く。","Drying laundry outside makes it dry quickly."
"食べる","たべる","To eat or consume","<ruby>朝<rt>あさ</rt></ruby>に<ruby>パン<rt>ぱん</rt></ruby>を<ruby>食べる<rt>たべる</rt></ruby>のが<ruby>習慣<rt>しゅうかん</rt></ruby>だ。","Eating bread in the morning is a habit."
"メールする","めーるする","To email or send a message","<ruby>友達<rt>ともだち</rt></ruby>に<ruby>メールする<rt>めーるする</rt></ruby>と<ruby>返事<rt>へんじ</rt></ruby>が<ruby>来<rt>く</rt></ruby>る。","Emailing a friend gets a reply."
"抱く","いだく","To embrace, hug, or hold in one’s arms","<ruby>子<rt>こ</rt></ruby>を<ruby>抱く<rt>いだく</rt></ruby>と<ruby>安心<rt>あんしん</rt></ruby>する。","Holding a child makes me feel at ease."
"励ます","はげます","To encourage or cheer up","<ruby>友達<rt>ともだち</rt></ruby>を<ruby>励ます<rt>はげます</rt></ruby>と<ruby>笑顔<rt>えがお</rt></ruby>になる。","Encouraging a friend makes them smile."
"終わる","おわる","To end or finish","<ruby>授業<rt>じゅぎょう</rt></ruby>が<ruby>終わる<rt>おわる</rt></ruby>と<ruby>帰<rt>かえ</rt></ruby>る。","I go home when class ends."
"楽しむ","たのしむ","To enjoy or have fun","<ruby>旅行<rt>りょこう</rt></ruby>を<ruby>楽しむ<rt>たのしむ</rt></ruby>ために<ruby>計画<rt>けいかく</rt></ruby>する。","I plan a trip to enjoy it."
"入る","はいる","To enter or go in","<ruby>部屋<rt>へや</rt></ruby>に<ruby>入る<rt>はいる</rt></ruby>と<ruby>暖<rt>あたた</rt></ruby>かい。","Entering the room feels warm."
"優れる","すぐれる","To excel, be excellent, or superior","<ruby>彼<rt>かれ</rt></ruby>は<ruby>運動<rt>うんどう</rt></ruby>に<ruby>優れる<rt>すぐれる</rt></ruby>才能がある。","He has a talent for excelling in sports."
"運動する","うんどうする","To exercise or do physical activity","<ruby>毎日<rt>まいにち</rt></ruby><ruby>運動する<rt>うんどうする</rt></ruby>と<ruby>健康<rt>けんこう</rt></ruby>になる。","Exercising daily makes you healthy."
"取り換える","とりかえる","To exchange or replace","<ruby>古<rt>ふる</rt></ruby>い<ruby>電球<rt>でんきゅう</rt></ruby>を<ruby>取り換える<rt>とりかえる</rt></ruby>と<ruby>明<rt>あか</rt></ruby>るくなる。","Replacing an old lightbulb makes it brighter."
"期待する","きたいする","To expect or look forward to","<ruby>新<rt>あたら</rt></ruby>しい<ruby>映画<rt>えいが</rt></ruby>に<ruby>期待する<rt>きたいする</rt></ruby>。","I’m looking forward to the new movie."
"目にあう","めにあう","To experience something unpleasant","<ruby>失敗<rt>しっぱい</rt></ruby>して<ruby>目にあう<rt>めにあう</rt></ruby>と<ruby>学<rt>まな</rt></ruby>ぶ。","Experiencing failure teaches a lesson."
"説明する","せつめいする","To explain or describe","<ruby>問題<rt>もんだい</rt></ruby>を<ruby>説明する<rt>せつめいする</rt></ruby>と<ruby>分<rt>わ</rt></ruby>かりやすい。","Explaining the problem makes it clear."
"出す","だす","To extract or take out","<ruby>財布<rt>さいふ</rt></ruby>から<ruby>お金<rt>おかね</rt></ruby>を<ruby>出す<rt>だす</rt></ruby>と<ruby>払<rt>はら</rt></ruby>える。","Taking money out of the wallet allows me to pay."
"向かう","むかう","To face or head toward","<ruby>学校<rt>がっこう</rt></ruby>に<ruby>向かう<rt>むかう</rt></ruby>と<ruby>友達<rt>ともだち</rt></ruby>に<ruby>会<rt>あ</rt></ruby>う。","Heading to school, I meet my friends."
"失敗する","しっぱいする","To fail or make a mistake","<ruby>試験<rt>しけん</rt></ruby>で<ruby>失敗する<rt>しっぱいする</rt></ruby>と<ruby>悔<rt>くや</rt></ruby>しい。","Failing an exam is frustrating."
"眠る","ねむる","To fall asleep or sleep","<ruby>夜<rt>よる</rt></ruby>に<ruby>静<rt>しず</rt></ruby>かに<ruby>眠る<rt>ねむる</rt></ruby>と<ruby>気持<rt>きも</rt></ruby>ちいい。","Sleeping quietly at night feels good."
"転ぶ","ころぶ","To fall down or trip","<ruby>道<rt>みち</rt></ruby>で<ruby>転ぶ<rt>ころぶ</rt></ruby>と<ruby>痛<rt>いた</rt></ruby>い。","Falling on the road hurts."
"倒れる","たおれる","To fall down or collapse","<ruby>疲<rt>つか</rt></ruby>れて<ruby>倒れる<rt>たおれる</rt></ruby>前に<ruby>休<rt>やす</rt></ruby>む。","I rest before collapsing from exhaustion."
"降る","ふる","To fall from the sky (rain, snow)","<ruby>雪<rt>ゆき</rt></ruby>が<ruby>降る<rt>ふる</rt></ruby>と<ruby>町<rt>まち</rt></ruby>が<ruby>美<rt>うつく</rt></ruby>しい。","When snow falls, the town becomes beautiful."
"惚れる","ほれる","To fall in love or be charmed","<ruby>彼<rt>かれ</rt></ruby>の<ruby>笑顔<rt>えがお</rt></ruby>に<ruby>惚れる<rt>ほれる</rt></ruby><ruby>女<rt>おんな</rt></ruby>が<ruby>多<rt>おお</rt></ruby>い。","Many women fall for his smile."
"下がる","さがる","To fall, drop, or hang down","<ruby>気温<rt>きおん</rt></ruby>が<ruby>下がる<rt>さがる</rt></ruby>と<ruby>寒<rt>さむ</rt></ruby>くなる。","When the temperature drops, it gets cold."
"落ちる","おちる","To fall or go down","<ruby>木<rt>き</rt></ruby>の<ruby>葉<rt>は</rt></ruby>が<ruby>秋<rt>あき</rt></ruby>に<ruby>落ちる<rt>おちる</rt></ruby>。","Tree leaves fall in autumn."
"おならをする","おならをする","To fart or pass gas","<ruby>静<rt>しず</rt></ruby>かな<ruby>部屋<rt>へや</rt></ruby>で<ruby>おならをする<rt>おならをする</rt></ruby>と<ruby>恥<rt>は</rt></ruby>ずかしい。","Farting in a quiet room is embarrassing."
"怖がる","こわがる","To fear or be scared","<ruby>子供<rt>こども</rt></ruby>は<ruby>暗<rt>くら</rt></ruby>さを<ruby>怖がる<rt>こわがる</rt></ruby>ことが<ruby>多<rt>おお</rt></ruby>い。","Children often fear the dark."
"恐れる","おそれる","To fear or be in awe of","<ruby>危険<rt>きけん</rt></ruby>を<ruby>恐れる<rt>おそれる</rt></ruby>なら<ruby>挑戦<rt>ちょうせん</rt></ruby>しない。","If you fear danger, you won’t take challenges."
"めいる","めいる","To feel depressed or downcast","<ruby>失敗<rt>しっぱい</rt></ruby>すると<ruby>めいる<rt>めいる</rt></ruby>けど、<ruby>頑張<rt>がんば</rt></ruby>る。","I feel down when I fail, but I keep trying."
"沈む","しずむ","To feel depressed or sink","<ruby>太陽<rt>たいよう</rt></ruby>が<ruby>沈む<rt>しずむ</rt></ruby>と<ruby>気分<rt>きぶん</rt></ruby>も<ruby>沈む<rt>しずむ</rt></ruby>。","When the sun sets, my mood sinks."
"火照る","ほてる","To feel hot or flush (e.g., cheeks)","<ruby>走<rt>はし</rt></ruby>ると<ruby>顔<rt>かお</rt></ruby>が<ruby>火照る<rt>ほてる</rt></ruby>のを感じる。","I feel my face flush when I run."
"感じる","かんじる","To feel or sense","<ruby>風<rt>かぜ</rt></ruby>の<ruby>冷<rt>つめ</rt></ruby>たさを<ruby>感じる<rt>かんじる</rt></ruby><ruby>秋<rt>あき</rt></ruby>が<ruby>来<rt>く</rt></ruby>る。","Feeling the cool breeze signals autumn’s arrival."
"いじる","いじる","To fiddle with or tinker","<ruby>機械<rt>きかい</rt></ruby>を<ruby>いじる<rt>いじる</rt></ruby>と<ruby>壊<rt>こわ</rt></ruby>れるかもしれない。","Tinkering with the machine might break it."
"闘う","たたかう","To fight against or struggle","<ruby>敵<rt>てき</rt></ruby>と<ruby>闘う<rt>たたかう</rt></ruby>のは<ruby>勇気<rt>ゆうき</rt></ruby>がいる。","Fighting the enemy requires courage."
"見つける","みつける","To find or discover","<ruby>道<rt>みち</rt></ruby>で<ruby>財布<rt>さいふ</rt></ruby>を<ruby>見つける<rt>みつける</rt></ruby>と<ruby>嬉<rt>うれ</rt></ruby>しい。","Finding a wallet on the road is exciting."
"片付ける","かたづける","To finish, tidy up, or clean","<ruby>部屋<rt>へや</rt></ruby>を<ruby>片付ける<rt>かたづける</rt></ruby>と<ruby>気分<rt>きぶん</rt></ruby>が<ruby>良<rt>よ</rt></ruby>い。","Cleaning the room feels good."
"釣る","つる","To fish or catch with a line","<ruby>川<rt>かわ</rt></ruby>で<ruby>魚<rt>さかな</rt></ruby>を<ruby>釣る<rt>つる</rt></ruby>のは<ruby>楽<rt>たの</rt></ruby>しい。","Fishing in the river is fun."
"浮かぶ","うかぶ","To float or come to mind","<ruby>海<rt>うみ</rt></ruby>で<ruby>木<rt>き</rt></ruby>が<ruby>浮かぶ<rt>うかぶ</rt></ruby>のを見た。","I saw wood floating in the sea."
"流れる","ながれる","To flow or be called off","<ruby>川<rt>かわ</rt></ruby>の<ruby>水<rt>みず</rt></ruby>が<ruby>流れる<rt>ながれる</rt></ruby>音は<ruby>静<rt>しず</rt></ruby>かだ。","The sound of the river flowing is peaceful."
"畳む","たたむ","To fold or put away","<ruby>服<rt>ふく</rt></ruby>を<ruby>畳む<rt>たたむ</rt></ruby>と<ruby>部屋<rt>へや</rt></ruby>が<ruby>整<rt>せい</rt></ruby>う。","Folding clothes keeps the room tidy."
"忘れる","わすれる","To forget or overlook","<ruby>約束<rt>やくそく</rt></ruby>を<ruby>忘れる<rt>わすれる</rt></ruby>と<ruby>友達<rt>ともだち</rt></ruby>が<ruby>怒<rt>おこ</rt></ruby>る。","Forgetting a promise makes my friend angry."
"許す","ゆるす","To forgive, allow, or permit","<ruby>彼<rt>かれ</rt></ruby>の<ruby>過<rt>あやま</rt></ruby>ちを<ruby>許す<rt>ゆるす</rt></ruby>ことにした。","I decided to forgive his mistake."
"並ぶ","ならぶ","To form a line or equal","<ruby>店<rt>みせ</rt></ruby>の<ruby>前<rt>まえ</rt></ruby>に<ruby>人<rt>ひと</rt></ruby>が<ruby>並ぶ<rt>ならぶ</rt></ruby>。","People line up in front of the shop."
"集まる","あつまる","To gather or assemble","<ruby>広場<rt>ひろば</rt></ruby>に<ruby>人<rt>ひと</rt></ruby>が<ruby>集まる<rt>あつまる</rt></ruby>と<ruby>賑<rt>にぎ</rt></ruby>やかだ。","When people gather in the square, it’s lively."
"仰ぐ","あおぐ","To gaze, look up, or respect","<ruby>星<rt>ほし</rt></ruby>を<ruby>仰ぐ<rt>あおぐ</rt></ruby>と<ruby>心<rt>こころ</rt></ruby>が<ruby>落<rt>お</rt></ruby>ちつく。","Looking up at the stars calms my heart."
"得る","える","To get or obtain","<ruby>知識<rt>ちしき</rt></ruby>を<ruby>得る<rt>える</rt></ruby>と<ruby>自信<rt>じしん</rt></ruby>がつく。","Gaining knowledge builds confidence."
"怒る","おこる","To get angry or upset","<ruby>遅<rt>おそ</rt></ruby>刻に<ruby>先生<rt>せんせい</rt></ruby>が<ruby>怒る<rt>おこる</rt></ruby>と<ruby>怖<rt>こわ</rt></ruby>い。","It’s scary when the teacher gets angry about tardiness."
"着換える","きがえる","To get changed or change clothes","<ruby>学校<rt>がっこう</rt></ruby>の<ruby>後<rt>あと</rt></ruby>に<ruby>着換える<rt>きがえる</rt></ruby>と<ruby>楽<rt>らく</rt></ruby>だ。","Changing clothes after school feels comfortable."
"曇る","くもる","To get cloudy or overcast","<ruby>空<rt>そら</rt></ruby>が<ruby>曇る<rt>くもる</rt></ruby>と<ruby>雨<rt>あめ</rt></ruby>が<ruby>降<rt>ふ</rt></ruby>りそう。","When the sky gets cloudy, it feels like rain."
"太る","ふとる","To get fat or gain weight","<ruby>食<rt>た</rt></ruby>べすぎると<ruby>太る<rt>ふとる</rt></ruby>ので<ruby>注意<rt>ちゅうい</rt></ruby>する。","I’m careful because overeating makes me gain weight."
"こえる","こえる","To get fat, grow fertile, cross over, or exceed","<ruby>予算<rt>よさん</rt></ruby>を<ruby>こえる<rt>こえる</rt></ruby>と<ruby>計画<rt>けいかく</rt></ruby>が<ruby>変<rt>か</rt></ruby>わる。","Exceeding the budget changes the plan."
"降りる","おりる","To get off or go down","<ruby>バス<rt>ばす</rt></ruby>から<ruby>降りる<rt>おりる</rt></ruby>と<ruby>駅<rt>えき</rt></ruby>に<ruby>着<rt>つ</rt></ruby>く。","Getting off the bus, I arrive at the station."
"疲れる","つかれる","To get tired or exhausted","<ruby>長<rt>なが</rt></ruby>い<ruby>散歩<rt>さんぽ</rt></ruby>で<ruby>疲れる<rt>つかれる</rt></ruby>けど<ruby>楽<rt>たの</rt></ruby>しい。","A long walk is tiring but fun."
"起きる","おきる","To get up or wake up","<ruby>朝<rt>あさ</rt></ruby><ruby>早<rt>はや</rt></ruby>く<ruby>起きる<rt>おきる</rt></ruby>と<ruby>気分<rt>きぶん</rt></ruby>がいい。","Waking up early in the morning feels good."
"慣れる","なれる","To get used to or become familiar with","<ruby>新<rt>あたら</rt></ruby>しい<ruby>仕事<rt>しごと</rt></ruby>に<ruby>慣れる<rt>なれる</rt></ruby>のに<ruby>時間<rt>じかん</rt></ruby>がかかる。","It takes time to get used to a new job."
"暖まる","あたたまる","To get warm or warmed up","<ruby>暖炉<rt>だんろ</rt></ruby>の<ruby>前<rt>まえ</rt></ruby>で<ruby>暖まる<rt>あたたまる</rt></ruby>と<ruby>気持<rt>きも</rt></ruby>ちいい。","Warming up by the fireplace feels nice."
"あげる","あげる","To give or offer (from speaker to others)","<ruby>友達<rt>ともだち</rt></ruby>に<ruby>本<rt>ほん</rt></ruby>を<ruby>あげる<rt>あげる</rt></ruby>と<ruby>喜<rt>よろこ</rt></ruby>ぶ。","My friend is happy when I give them a book."
"くれる","くれる","To give (from others to speaker or someone close)","<ruby>彼<rt>かれ</rt></ruby>が<ruby>私<rt>わたし</rt></ruby>に<ruby>花<rt>はな</rt></ruby>を<ruby>くれる<rt>くれる</rt></ruby>と<ruby>嬉<rt>うれ</rt></ruby>しい。","I’m happy when he gives me flowers."
"返す","かえす","To give back or return something to someone","<ruby>借<rt>か</rt></ruby>りた<ruby>本<rt>ほん</rt></ruby>を<ruby>図書館<rt>としょかん</rt></ruby>に<ruby>返す<rt>かえす</rt></ruby>。","I return the borrowed book to the library."
"思い切る","おもいきる","To give up all thoughts of or abandon","<ruby>古<rt>ふる</rt></ruby>い<ruby>計画<rt>けいかく</rt></ruby>を<ruby>思い切る<rt>おもいきる</rt></ruby>と<ruby>新<rt>あたら</rt></ruby>しい<ruby>道<rt>みち</rt></ruby>が<ruby>開<rt>ひら</rt></ruby>く。","Abandoning an old plan opens a new path."
"睨む","にらむ","To glare at or keep an eye on","<ruby>彼<rt>かれ</rt></ruby>は<ruby>私<rt>わたし</rt></ruby>を<ruby>睨む<rt>にらむ</rt></ruby>けど<ruby>無視<rt>むし</rt></ruby>する。","He glares at me, but I ignore him."
"齧る","かじる","To gnaw or nibble","<ruby>犬<rt>いぬ</rt></ruby>が<ruby>骨<rt>ほね</rt></ruby>を<ruby>齧る<rt>かじる</rt></ruby>音が<ruby>聞<rt>き</rt></ruby>こえる。","I hear the sound of the dog gnawing on a bone."
"行く","いく","To go or head somewhere","<ruby>学校<rt>がっこう</rt></ruby>に<ruby>行<rt>い</rt></ruby>くと<ruby>友達<rt>ともだち</rt></ruby>に<ruby>会<rt>あ</rt></ruby>う。","Going to school, I meet my friends."
"進む","すすむ","To go forward or advance","<ruby>道<rt>みち</rt></ruby>を<ruby>進む<rt>すすむ</rt></ruby>と<ruby>海<rt>うみ</rt></ruby>が見える。","Advancing along the path, I see the sea."
"狂う","くるう","To go mad or be out of order","<ruby>時計<rt>とけい</rt></ruby>が<ruby>狂う<rt>くるう</rt></ruby>と<ruby>時間<rt>じかん</rt></ruby>が<ruby>分<rt>わ</rt></ruby>からない。","When the clock goes out of order, I can’t tell the time."
"出る","でる","To go out or leave","<ruby>家<rt>いえ</rt></ruby>から<ruby>出る<rt>でる</rt></ruby>と<ruby>風<rt>かぜ</rt></ruby>が<ruby>冷<rt>つめ</rt></ruby>たい。","Leaving the house, the wind feels cold."
"出かける","でかける","To go out or leave home","<ruby>友達<rt>ともだち</rt></ruby>と<ruby>出かける<rt>でかける</rt></ruby>と<ruby>楽<rt>たの</rt></ruby>しい。","Going out with friends is fun."
"回る","まわる","To go round or revolve","<ruby>地球<rt>ちきゅう</rt></ruby>が<ruby>回る<rt>まわる</rt></ruby>と<ruby>昼<rt>ひる</rt></ruby>と<ruby>夜<rt>よる</rt></ruby>が<ruby>変<rt>か</rt></ruby>わる。","When the Earth revolves, day and night change."
"上がる","あがる","To go up or rise","<ruby>気温<rt>きおん</rt></ruby>が<ruby>上がる<rt>あがる</rt></ruby>と<ruby>暑<rt>あつ</rt></ruby>くなる。","When the temperature rises, it gets hot."
"握る","にぎる","To grasp or hold tightly","<ruby>手<rt>て</rt></ruby>を<ruby>握る<rt>にぎる</rt></ruby>と<ruby>安心<rt>あんしん</rt></ruby>する。","Holding hands makes me feel at ease."
"迎える","むかえる","To greet, meet, or welcome","<ruby>友達<rt>ともだち</rt></ruby>を<ruby>駅<rt>えき</rt></ruby>で<ruby>迎える<rt>むかえる</rt></ruby>。","I welcome my friend at the station."
"生える","はえる","To grow or sprout","<ruby>庭<rt>にわ</rt></ruby>に<ruby>草<rt>くさ</rt></ruby>が<ruby>生える<rt>はえる</rt></ruby>と<ruby>手入<rt>てい</rt></ruby>れが必要だ。","When grass grows in the garden, it needs care."
"暮れる","くれる","To grow dark (sunset)","<ruby>太陽<rt>たいよう</rt></ruby>が<ruby>暮れる<rt>くれる</rt></ruby>と<ruby>涼<rt>すず</rt></ruby>しくなる。","When the sun sets, it gets cool."
"歳取る","としとる","To grow old or age","<ruby>歳取る<rt>としとる</rt></ruby>と<ruby>時間<rt>じかん</rt></ruby>が<ruby>早<rt>はや</rt></ruby>く<ruby>感<rt>かん</rt></ruby>じる。","As I age, time feels faster."
"静まる","しずまる","To grow quiet or calm down","<ruby>嵐<rt>あらし</rt></ruby>が<ruby>静まる<rt>しずまる</rt></ruby>と<ruby>安心<rt>あんしん</rt></ruby>する。","I feel relieved when the storm calms down."
"茂る","しげる","To grow thick or lush","<ruby>森<rt>もり</rt></ruby>の<ruby>木<rt>き</rt></ruby>が<ruby>茂る<rt>しげる</rt></ruby>と<ruby>美<rt>うつく</rt></ruby>しい。","When the forest trees grow lush, it’s beautiful."
"育つ","そだつ","To grow up or be raised","<ruby>子供<rt>こども</rt></ruby>が<ruby>育つ<rt>そだつ</rt></ruby>と<ruby>嬉<rt>うれ</rt></ruby>しい。","I’m happy when children grow up."
"愚痴る","ぐちる","To grumble or complain","<ruby>仕事<rt>しごと</rt></ruby>の<ruby>疲<rt>つか</rt></ruby>れを<ruby>愚痴る<rt>ぐちる</rt></ruby>のはやめる。","I stop grumbling about work fatigue."
"渡す","わたす","To hand over or pass","<ruby>書類<rt>しょるい</rt></ruby>を<ruby>先生<rt>せんせい</rt></ruby>に<ruby>渡す<rt>わたす</rt></ruby>と<ruby>確認<rt>かくにん</rt></ruby>される。","Handing documents to the teacher gets them checked."
"有る","ある","To have or exist (inanimate objects)","<ruby>机<rt>つくえ</rt></ruby>に<ruby>本<rt>ほん</rt></ruby>が<ruby>有る<rt>ある</rt></ruby>のを<ruby>見<rt>み</rt></ruby>つけた。","I found a book on the desk."
"持つ","もつ","To have, hold, or own","<ruby>新<rt>あたら</rt></ruby>しい<ruby>鞄<rt>かばん</rt></ruby>を<ruby>持つ<rt>もつ</rt></ruby>と<ruby>嬉<rt>うれ</rt></ruby>しい。","Holding a new bag makes me happy."
"聞く","きく","To hear or listen","<ruby>音楽<rt>おんがく</rt></ruby>を<ruby>聞く<rt>きく</rt></ruby>と<ruby>気分<rt>きぶん</rt></ruby>が<ruby>良<rt>よ</rt></ruby>くなる。","Listening to music improves my mood."
"助ける","たすける","To help or rescue","<ruby>困<rt>こま</rt></ruby>った<ruby>人<rt>ひと</rt></ruby>を<ruby>助ける<rt>たすける</rt></ruby>のは<ruby>大切<rt>たいせつ</rt></ruby>だ。","Helping someone in trouble is important."
"手伝う","てつだう","To help or assist","<ruby>母<rt>はは</rt></ruby>の<ruby>料理<rt>りょうり</rt></ruby>を<ruby>手伝う<rt>てつだう</rt></ruby>と<ruby>楽<rt>たの</rt></ruby>しい。","Helping my mom cook is fun."
"隠れる","かくれる","To hide oneself","<ruby>子供<rt>こども</rt></ruby>が<ruby>木<rt>き</rt></ruby>の<ruby>後<rt>うし</rt></ruby>ろに<ruby>隠れる<rt>かくれる</rt></ruby>。","The child hides behind the tree."
"隠す","かくす","To hide something","<ruby>秘密<rt>ひみつ</rt></ruby>を<ruby>隠す<rt>かくす</rt></ruby>のは<ruby>難<rt>むずか</rt></ruby>しい。","Hiding a secret is difficult."
"仄めかす","ほのめかす","To hint or suggest subtly","<ruby>彼<rt>かれ</rt></ruby>は<ruby>計画<rt>けいかく</rt></ruby>を<ruby>仄めかす<rt>ほのめかす</rt></ruby>だけで<ruby>話<rt>はな</rt></ruby>さない。","He only hints at the plan without talking."
"雇う","やとう","To hire or employ","<ruby>新<rt>あたら</rt></ruby>しい<ruby>社員<rt>しゃいん</rt></ruby>を<ruby>雇う<rt>やとう</rt></ruby>と<ruby>会社<rt>かいしゃ</rt></ruby>が<ruby>活気<rt>かっき</rt></ruby>づく。","Hiring new employees energizes the company."
"抱える","かかえる","To hold in arms or have (e.g., problems)","<ruby>問題<rt>もんだい</rt></ruby>を<ruby>抱える<rt>かかえる</rt></ruby>と<ruby>疲<rt>つか</rt></ruby>れる。","Having problems is tiring."
"急ぐ","いそぐ","To hurry or rush","<ruby>学校<rt>がっこう</rt></ruby>に<ruby>急ぐ<rt>いそぐ</rt></ruby>と<ruby>遅<rt>おく</rt></ruby>れない。","Hurrying to school prevents tardiness."
"痛める","いためる","To hurt or injure","<ruby>足<rt>あし</rt></ruby>を<ruby>痛める<rt>いためる</rt></ruby>と<ruby>歩<rt>ある</rt></ruby>くのが<ruby>辛<rt>つら</rt></ruby>い。","Injuring my foot makes walking painful."
"想像する","そうぞうする","To imagine or picture","<ruby>未来<rt>みらい</rt></ruby>を<ruby>想像する<rt>そうぞうする</rt></ruby>と<ruby>楽<rt>たの</rt></ruby>しい。","Imagining the future is fun."
"増える","ふえる","To increase or multiply","<ruby>仕事<rt>しごと</rt></ruby>が<ruby>増える<rt>ふえる</rt></ruby>と<ruby>忙<rt>いそが</rt></ruby>しくなる。","When work increases, I get busy."
"示す","しめす","To indicate or point out","<ruby>地図<rt>ちず</rt></ruby>を<ruby>示す<rt>しめす</rt></ruby>と<ruby>道<rt>みち</rt></ruby>が<ruby>分<rt>わ</rt></ruby>かる。","Pointing at the map shows the way."
"苦しめる","くるしめる","To inflict pain or torment","<ruby>彼<rt>かれ</rt></ruby>を<ruby>苦しめる<rt>くるしめる</rt></ruby>のは<ruby>悪<rt>わる</rt></ruby>いことだ。","Tormenting him is a bad thing."
"誘う","さそう","To invite or tempt","<ruby>友達<rt>ともだち</rt></ruby>を<ruby>映画<rt>えいが</rt></ruby>に<ruby>誘う<rt>さそう</rt></ruby>と<ruby>楽<rt>たの</rt></ruby>しい。","Inviting a friend to a movie is fun."
"やじる","やじる","To jeer at or heckle","<ruby>試合<rt>しあい</rt></ruby>で<ruby>相手<rt>あいて</rt></ruby>を<ruby>やじる<rt>やじる</rt></ruby>のは<ruby>失礼<rt>しつれい</rt></ruby>だ。","Heckling the opponent during a match is rude."
"冗談を言う","じょうだんをいう","To joke or jest","<ruby>冗談を言う<rt>じょうだんをいう</rt></ruby>と<ruby>皆<rt>みな</rt></ruby>が<ruby>笑<rt>わら</rt></ruby>う。","Telling a joke makes everyone laugh."
"飛ぶ","とぶ","To jump or fly","<ruby>鳥<rt>とり</rt></ruby>が<ruby>空<rt>そら</rt></ruby>を<ruby>飛ぶ<rt>とぶ</rt></ruby>のを見るのは<ruby>楽<rt>たの</rt></ruby>しい。","Watching birds fly in the sky is fun."
"飼う","かう","To keep a pet, raise, or rear","<ruby>犬<rt>いぬ</rt></ruby>を<ruby>飼う<rt>かう</rt></ruby>と<ruby>責任<rt>せきにん</rt></ruby>が<ruby>増<rt>ふ</rt></ruby>える。","Keeping a dog increases responsibility."
"蹴る","ける","To kick","<ruby>ボール<rt>ぼーる</rt></ruby>を<ruby>蹴る<rt>ける</rt></ruby>と<ruby>遠<rt>とお</rt></ruby>くに<ruby>飛<rt>と</rt></ruby>ぶ。","Kicking the ball makes it fly far."
"殺す","ころす","To kill or put to death","<ruby>虫<rt>むし</rt></ruby>を<ruby>殺す<rt>ころす</rt></ruby>のは<ruby>嫌<rt>いや</rt></ruby>だ。","I don’t like killing bugs."
"キスする","きすする","To kiss","<ruby>恋人<rt>こいびと</rt></ruby>と<ruby>キスする<rt>きすする</rt></ruby>と<ruby>心<rt>こころ</rt></ruby>が<ruby>温<rt>あたた</rt></ruby>まる。","Kissing my lover warms my heart."
"知る","しる","To know or understand","<ruby>真実<rt>しんじつ</rt></ruby>を<ruby>知る<rt>しる</rt></ruby>と<ruby>驚<rt>おどろ</rt></ruby>く。","Knowing the truth is surprising."
"着陸する","ちゃくりくする","To land (e.g., an airplane)","<ruby>飛行機<rt>ひこうき</rt></ruby>が<ruby>着陸する<rt>ちゃくりくする</rt></ruby>と<ruby>安心<rt>あんしん</rt></ruby>する。","I feel relieved when the airplane lands."
"笑う","わらう","To laugh or smile","<ruby>冗談<rt>じょうだん</rt></ruby>を<ruby>聞<rt>き</rt></ruby>くと<ruby>笑う<rt>わらう</rt></ruby>。","I laugh when I hear a joke."
"伏せる","ふせる","To lay face down","<ruby>机<rt>つくえ</rt></ruby>に<ruby>顔<rt>かお</rt></ruby>を<ruby>伏せる<rt>ふせる</rt></ruby>と<ruby>眠<rt>ねむ</rt></ruby>くなる。","Laying my face on the desk makes me sleepy."
"連れる","つれる","To lead or take along","<ruby>子供<rt>こども</rt></ruby>を<ruby>公園<rt>こうえん</rt></ruby>に<ruby>連れる<rt>つれる</rt></ruby>と<ruby>喜<rt>よろこ</rt></ruby>ぶ。","Taking kids to the park makes them happy."
"漏らす","もらす","To leak or disclose","<ruby>秘密<rt>ひみつ</rt></ruby>を<ruby>漏らす<rt>もらす</rt></ruby>と<ruby>信頼<rt>しんらい</rt></ruby>を<ruby>失<rt>うしな</rt></ruby>う。","Disclosing a secret loses trust."
"漏れる","もれる","To leak or escape","<ruby>水<rt>みず</rt></ruby>が<ruby>管<rt>くだ</rt></ruby>から<ruby>漏れる<rt>もれる</rt></ruby>と<ruby>困<rt>こま</rt></ruby>る。","It’s troublesome when water leaks from a pipe."
"傾く","かたむく","To lean towards or tilt","<ruby>木<rt>き</rt></ruby>が<ruby>風<rt>かぜ</rt></ruby>で<ruby>傾く<rt>かたむく</rt></ruby>と<ruby>危険<rt>きけん</rt></ruby>だ。","It’s dangerous when a tree tilts in the wind."
"学ぶ","まなぶ","To learn or study","<ruby>歴史<rt>れきし</rt></ruby>を<ruby>学ぶ<rt>まなぶ</rt></ruby>と<ruby>知識<rt>ちしき</rt></ruby>が<ruby>増<rt>ふ</rt></ruby>える。","Studying history increases knowledge."
"習う","ならう","To learn or take lessons","<ruby>ピアノ<rt>ぴあの</rt></ruby>を<ruby>習う<rt>ならう</rt></ruby>と<ruby>楽<rt>たの</rt></ruby>しい。","Learning piano is fun."
"残す","のこす","To leave behind or save","<ruby>食事<rt>しょくじ</rt></ruby>を<ruby>残す<rt>のこす</rt></ruby>のは<ruby>勿体<rt>もったい</rt></ruby>ない。","Leaving food behind is wasteful."
"残る","のこる","To be left over or remain","<ruby>時間<rt>じかん</rt></ruby>が<ruby>残る<rt>のこる</rt></ruby>と<ruby>遊<rt>あそ</rt></ruby>べる。","When time remains, I can play."
"貸す","かす","To lend or loan","<ruby>友達<rt>ともだち</rt></ruby>に<ruby>本<rt>ほん</rt></ruby>を<ruby>貸す<rt>かす</rt></ruby>と<ruby>感謝<rt>かんしゃ</rt></ruby>される。","Lending a book to a friend earns gratitude."
"舐める","なめる","To lick or taste","<ruby>アイス<rt>あいす</rt></ruby>を<ruby>舐める<rt>なめる</rt></ruby>と<ruby>冷<rt>ひ</rt></ruby>やっとする。","Licking ice cream feels cool."
"うそを言う","うそをいう","To lie or tell a falsehood","<ruby>うそを言う<rt>うそをいう</rt></ruby>と<ruby>信頼<rt>しんらい</rt></ruby>を<ruby>失<rt>うしな</rt></ruby>う。","Telling a lie loses trust."
"限る","かぎる","To limit or restrict","<ruby>時間<rt>じかん</rt></ruby>を<ruby>限る<rt>かぎる</rt></ruby>と<ruby>効率<rt>こうりつ</rt></ruby>が<ruby>上<rt>あ</rt></ruby>がる。","Limiting time increases efficiency."
"並べる","ならべる","To line up or arrange in order","<ruby>本<rt>ほん</rt></ruby>を<ruby>棚<rt>たな</rt></ruby>に<ruby>並べる<rt>ならべる</rt></ruby>と<ruby>綺麗<rt>きれい</rt></ruby>になる。","Arranging books on the shelf makes it neat."
"暮らす","くらす","To live or lead a life","<ruby>田舎<rt>いなか</rt></ruby>で<ruby>静<rt>しず</rt></ruby>かに<ruby>暮らす<rt>くらす</rt></ruby>のが<ruby>夢<rt>ゆめ</rt></ruby>だ。","Living quietly in the countryside is my dream."
"住む","すむ","To live or reside","<ruby>新<rt>あたら</rt></ruby>しい<ruby>町<rt>まち</rt></ruby>に<ruby>住む<rt>すむ</rt></ruby>と<ruby>楽<rt>たの</rt></ruby>しい。","Living in a new town is fun."
"見る","みる","To look or see","<ruby>映画<rt>えいが</rt></ruby>を<ruby>見る<rt>みる</rt></ruby>と<ruby>気分<rt>きぶん</rt></ruby>が<ruby>変<rt>か</rt></ruby>わる。","Watching a movie changes my mood."
"見做す","みなす","To look upon or consider as","<ruby>彼<rt>かれ</rt></ruby>を<ruby>友達<rt>ともだち</rt></ruby>と<ruby>見做す<rt>みなす</rt></ruby>と<ruby>気楽<rt>きらく</rt></ruby>だ。","Considering him a friend feels relaxing."
"負ける","まける","To lose or be defeated","<ruby>試合<rt>しあい</rt></ruby>で<ruby>負ける<rt>まける</rt></ruby>と<ruby>悔<rt>くや</rt></ruby>しい。","Losing a match is frustrating."
"やせる","やせる","To lose weight or slim down","<ruby>運動<rt>うんどう</rt></ruby>すると<ruby>やせる<rt>やせる</rt></ruby>と<ruby>嬉<rt>うれ</rt></ruby>しい。","I’m happy when exercising helps me lose weight."
"落とす","おとす","To lose or drop something","<ruby>鍵<rt>かぎ</rt></ruby>を<ruby>落とす<rt>おとす</rt></ruby>と<ruby>困<rt>こま</rt></ruby>る。","Dropping my keys is troublesome."
"失う","うしなう","To lose or part with","<ruby>大切<rt>たいせつ</rt></ruby>な<ruby>物<rt>もの</rt></ruby>を<ruby>失う<rt>うしなう</rt></ruby>のは<ruby>悲<rt>かな</rt></ruby>しい。","Losing something precious is sad."
"無くす","なくす","To lose or misplace","<ruby>財布<rt>さいふ</rt></ruby>を<ruby>無くす<rt>なくす</rt></ruby>と<ruby>焦<rt>あせ</rt></ruby>る。","Misplacing my wallet makes me panic."
"愛する","あいする","To love or cherish","<ruby>家族<rt>かぞく</rt></ruby>を<ruby>愛する<rt>あいする</rt></ruby>のは<ruby>自然<rt>しぜん</rt></ruby>だ。","Loving family is natural."
"可愛がる","かわいがる","To love, be affectionate, or treat tenderly","<ruby>猫<rt>ねこ</rt></ruby>を<ruby>可愛がる<rt>かわいがる</rt></ruby>と<ruby>懐<rt>なつ</rt></ruby>く。","Treating a cat tenderly makes it affectionate."
"下げる","さげる","To lower or hang down","<ruby>カーテン<rt>かーてん</rt></ruby>を<ruby>下げる<rt>さげる</rt></ruby>と<ruby>部屋<rt>へや</rt></ruby>が<ruby>暗<rt>くら</rt></ruby>くなる。","Lowering the curtain darkens the room."
"作る","つくる","To make or create","<ruby>ケーキ<rt>けーき</rt></ruby>を<ruby>作る<rt>つくる</rt></ruby>と<ruby>皆<rt>みな</rt></ruby>が<ruby>喜<rt>よろこ</rt></ruby>ぶ。","Making a cake makes everyone happy."
"イチャイチャする","いちゃいちゃする","To make out or be affectionate","<ruby>恋人<rt>こいびと</rt></ruby>と<ruby>イチャイチャする<rt>いちゃいちゃする</rt></ruby>のは<ruby>楽<rt>たの</rt></ruby>しい。","Being affectionate with my lover is fun."
"間違える","まちがえる","To make a mistake or err","<ruby>問題<rt>もんだい</rt></ruby>を<ruby>間違える<rt>まちがえる</rt></ruby>と<ruby>悔<rt>くや</rt></ruby>しい。","Making a mistake on a problem is frustrating."
"稼ぐ","かせぐ","To make money or earn","<ruby>仕事<rt>しごと</rt></ruby>で<ruby>稼ぐ<rt>かせぐ</rt></ruby>と<ruby>生活<rt>せいかつ</rt></ruby>が<ruby>楽<rt>らく</rt></ruby>になる。","Earning money from work makes life easier."
"騒ぐ","さわぐ","To make noise or be rowdy","<ruby>子供<rt>こども</rt></ruby>が<ruby>騒ぐ<rt>さわぐ</rt></ruby>と<ruby>静<rt>しず</rt></ruby>かにならない。","When kids are rowdy, it doesn’t stay quiet."
"拵える","こしらえる","To make or manufacture","<ruby>服<rt>ふく</rt></ruby>を<ruby>拵える<rt>こしらえる</rt></ruby>と<ruby>自分<rt>じぶん</rt></ruby>らしい<ruby>物<rt>もの</rt></ruby>になる。","Making clothes creates something unique to me."
"結婚する","けっこんする","To marry or get married","<ruby>彼<rt>かれ</rt></ruby>と<ruby>結婚する<rt>けっこんする</rt></ruby>と<ruby>新<rt>あたら</rt></ruby>しい<ruby>生活<rt>せいかつ</rt></ruby>が<ruby>始<rt>はじ</rt></ruby>まる。","Marrying him starts a new life."
"合う","あう","To match or fit","<ruby>服<rt>ふく</rt></ruby>が<ruby>体<rt>からだ</rt></ruby>に<ruby>合う<rt>あう</rt></ruby>と<ruby>気分<rt>きぶん</rt></ruby>がいい。","When clothes fit my body, I feel good."
"熟す","じゅくす","To mature or ripen","<ruby>果物<rt>くだもの</rt></ruby>が<ruby>熟す<rt>じゅくす</rt></ruby>と<ruby>甘<rt>あま</rt></ruby>くなる。","When fruit ripens, it becomes sweet."
"計る","はかる","To measure, plan, or plot","<ruby>時間<rt>じかん</rt></ruby>を<ruby>計る<rt>はかる</rt></ruby>と<ruby>効率<rt>こうりつ</rt></ruby>が<ruby>上<rt>あ</rt></ruby>がる。","Measuring time increases efficiency."
"会う","あう","To meet or encounter","<ruby>友達<rt>ともだち</rt></ruby>に<ruby>駅<rt>えき</rt></ruby>で<ruby>会う<rt>あう</rt></ruby>と<ruby>嬉<rt>うれ</rt></ruby>しい。","Meeting a friend at the station makes me happy."
"溶ける","とける","To melt, dissolve, or come untied","<ruby>氷<rt>こおり</rt></ruby>が<ruby>溶ける<rt>とける</rt></ruby>と<ruby>水<rt>みず</rt></ruby>になる。","When ice melts, it becomes water."
"どじる","どじる","To mess up or make a mistake","<ruby>試験<rt>しけん</rt></ruby>で<ruby>どじる<rt>どじる</rt></ruby>と<ruby>悔<rt>くや</rt></ruby>しい。","Messing up on an exam is frustrating."
"混ぜる","まぜる","To mix or blend","<ruby>材料<rt>ざいりょう</rt></ruby>を<ruby>混ぜる<rt>まぜる</rt></ruby>と<ruby>美味<rt>おい</rt></ruby>しくなる。","Mixing ingredients makes it delicious."
"動く","うごく","To move or function","<ruby>時計<rt>とけい</rt></ruby>が<ruby>動く<rt>うごく</rt></ruby>と<ruby>時間<rt>じかん</rt></ruby>が<ruby>分<rt>わ</rt></ruby>かる。","When the clock moves, I know the time."
"動かす","うごかす","To move or operate something","<ruby>車<rt>くるま</rt></ruby>を<ruby>動かす<rt>うごかす</rt></ruby>と<ruby>楽<rt>たの</rt></ruby>しい。","Moving the car is fun."
"とちる","とちる","To flub one's lines or stumble","<ruby>発表<rt>はっぴょう</rt></ruby>で<ruby>とちる<rt>とちる</rt></ruby>と<ruby>恥<rt>は</rt></ruby>ずかしい。","Stumbling during a presentation is embarrassing."
"かける","かける","To multiply or apply","<ruby>数字<rt>すうじ</rt></ruby>を<ruby>かける<rt>かける</rt></ruby>と<ruby>答<rt>こた</rt></ruby>えが出る。","Multiplying numbers gives the answer."
"要る","いる","To need or require","<ruby>旅行<rt>りょこう</rt></ruby>に<ruby>お金<rt>おかね</rt></ruby>が<ruby>要る<rt>いる</rt></ruby>。","Money is needed for travel."
"知らせる","しらせる","To notify or inform","<ruby>友達<rt>ともだち</rt></ruby>に<ruby>予定<rt>よてい</rt></ruby>を<ruby>知らせる<rt>しらせる</rt></ruby>。","I inform my friend of the schedule."
"起こる","おこる","To occur or happen","<ruby>地震<rt>じしん</rt></ruby>が<ruby>起こる<rt>おこる</rt></ruby>と<ruby>怖<rt>こわ</rt></ruby>い。","An earthquake happening is scary."
"開ける","あける","To open (something)","<ruby>窓<rt>まど</rt></ruby>を<ruby>開ける<rt>あける</rt></ruby>と<ruby>風<rt>かぜ</rt></ruby>が<ruby>入<rt>はい</rt></ruby>る。","Opening the window lets the breeze in."
"開く","ひらく","To open or hold (e.g., an event)","<ruby>店<rt>みせ</rt></ruby>が<ruby>開く<rt>ひらく</rt></ruby>と<ruby>客<rt>きゃく</rt></ruby>が<ruby>来<rt>く</rt></ruby>る。","When the shop opens, customers come."
"注文する","ちゅうもんする","To order items (e.g., at a restaurant)","<ruby>店<rt>みせ</rt></ruby>で<ruby>食事<rt>しょくじ</rt></ruby>を<ruby>注文する<rt>ちゅうもんする</rt></ruby>。","I order food at the restaurant."
"みなぎる","みなぎる","To be filled with (emotion) or pervade (atmosphere)","<ruby>力<rt>ちから</rt></ruby>が<ruby>みなぎる<rt>みなぎる</rt></ruby>と<ruby>自信<rt>じしん</rt></ruby>が<ruby>出<rt>で</rt></ruby>る。","When I’m filled with energy, I feel confident."
"見逃す","みのがす","To overlook or let pass","<ruby>大切<rt>たいせつ</rt></ruby>な<ruby>情報<rt>じょうほう</rt></ruby>を<ruby>見逃す<rt>みのがす</rt></ruby>と<ruby>困<rt>こま</rt></ruby>る。","Overlooking important information is troublesome."
"倒す","たおす","To overthrow or knock down","<ruby>相手<rt>あいて</rt></ruby>を<ruby>試合<rt>しあい</rt></ruby>で<ruby>倒す<rt>たおす</rt></ruby>と<ruby>嬉<rt>うれ</rt></ruby>しい。","Knocking down an opponent in a match is exciting."
"塗る","ぬる","To paint or apply","<ruby>壁<rt>かべ</rt></ruby>に<ruby>色<rt>いろ</rt></ruby>を<ruby>塗る<rt>ぬる</rt></ruby>と<ruby>明<rt>あか</rt></ruby>るくなる。","Painting the wall with color brightens it."
"慌てる","あわてる","To panic or be flustered","<ruby>遅<rt>おく</rt></ruby>れると<ruby>慌てる<rt>あわてる</rt></ruby>けど<ruby>落<rt>お</rt></ruby>ちつく。","I panic when I’m late, but I calm down."
"ねじる","ねじる","To parody or twist","<ruby>話<rt>はなし</rt></ruby>を<ruby>ねじる<rt>ねじる</rt></ruby>と<ruby>面白<rt>おもしろ</rt></ruby>くなる。","Twisting a story makes it interesting."
"別れる","わかれる","To part, separate from, or be divorced","<ruby>友達<rt>ともだち</rt></ruby>と<ruby>別れる<rt>わかれる</rt></ruby>のは<ruby>悲<rt>かな</rt></ruby>しい。","Parting with a friend is sad."
"よぎる","よぎる","To pass by or drop in","<ruby>過去<rt>かこ</rt></ruby>が<ruby>心<rt>こころ</rt></ruby>に<ruby>よぎる<rt>よぎる</rt></ruby>と<ruby>懐<rt>なつ</rt></ruby>かしい。","When the past crosses my mind, it feels nostalgic."
"過ぎる","すぎる","To pass or exceed","<ruby>時間<rt>じかん</rt></ruby>が<ruby>過ぎる<rt>すぎる</rt></ruby>と<ruby>遅<rt>おく</rt></ruby>れる。","If time passes, I’ll be late."
"払う","はらう","To pay or settle","<ruby>店<rt>みせ</rt></ruby>で<ruby>お金<rt>おかね</rt></ruby>を<ruby>払う<rt>はらう</rt></ruby>と<ruby>買<rt>か</rt></ruby>える。","Paying money at the shop lets me buy things."
"滅びる","ほろびる","To perish or be destroyed","<ruby>古<rt>ふる</rt></ruby>い<ruby>文化<rt>ぶんか</rt></ruby>が<ruby>滅びる<rt>ほろびる</rt></ruby>のは<ruby>悲<rt>かな</rt></ruby>しい。","It’s sad when an old culture perishes."
"口説く","くどく","To persuade or make advances (romantic)","<ruby>彼<rt>かれ</rt></ruby>は<ruby>彼女<rt>かのじょ</rt></ruby>を<ruby>口説く<rt>くどく</rt></ruby>のが<ruby>上手<rt>じょうず</rt></ruby>だ。","He’s skilled at wooing her."
"せびる","せびる","To pester for or beg","<ruby>子供<rt>こども</rt></ruby>が<ruby>お菓子<rt>おかし</rt></ruby>を<ruby>せびる<rt>せびる</rt></ruby>と<ruby>困<rt>こま</rt></ruby>る。","It’s troublesome when kids beg for snacks."
"写す","うつす","To photograph, copy, or reflect","<ruby>景色<rt>けしき</rt></ruby>を<ruby>写す<rt>うつす</rt></ruby>と<ruby>美<rt>うつく</rt></ruby>しい<ruby>写真<rt>しゃしん</rt></ruby>になる。","Photographing the scenery makes a beautiful picture."
"拾う","ひろう","To pick up or find","<ruby>道<rt>みち</rt></ruby>で<ruby>お金<rt>おかね</rt></ruby>を<ruby>拾う<rt>ひろう</rt></ruby>と<ruby>嬉<rt>うれ</rt></ruby>しい。","Picking up money on the road is exciting."
"ほじる","ほじる","To pick or dig out","<ruby>鼻<rt>はな</rt></ruby>を<ruby>ほじる<rt>ほじる</rt></ruby>のは<ruby>失礼<rt>しつれい</rt></ruby>だ。","Picking your nose is rude."
"積もる","つもる","To pile up or accumulate","<ruby>雪<rt>ゆき</rt></ruby>が<ruby>積もる<rt>つもる</rt></ruby>と<ruby>町<rt>まち</rt></ruby>が<ruby>白<rt>しろ</rt></ruby>くなる。","When snow piles up, the town turns white."
"重ねる","かさねる","To pile up or repeat","<ruby>努力<rt>どりょく</rt></ruby>を<ruby>重ねる<rt>かさねる</rt></ruby>と<ruby>成功<rt>せいこう</rt></ruby>する。","Repeating efforts leads to success."
"つねる","つねる","To pinch or tweak","<ruby>彼<rt>かれ</rt></ruby>が<ruby>腕<rt>うで</rt></ruby>を<ruby>つねる<rt>つねる</rt></ruby>と<ruby>痛<rt>いた</rt></ruby>い。","It hurts when he pinches my arm."
"計画する","けいかくする","To plan or arrange","<ruby>旅行<rt>りょこう</rt></ruby>を<ruby>計画する<rt>けいかくする</rt></ruby>と<ruby>楽<rt>たの</rt></ruby>しい。","Planning a trip is fun."
"企てる","くわだてる","To plan or scheme","<ruby>新<rt>あたら</rt></ruby>しい<ruby>事業<rt>じぎょう</rt></ruby>を<ruby>企てる<rt>くわだてる</rt></ruby>と<ruby>挑戦<rt>ちょうせん</rt></ruby>になる。","Scheming a new business is a challenge."
"植える","うえる","To plant or sow","<ruby>庭<rt>にわ</rt></ruby>に<ruby>花<rt>はな</rt></ruby>を<ruby>植える<rt>うえる</rt></ruby>と<ruby>美<rt>うつく</rt></ruby>しい。","Planting flowers in the garden makes it beautiful."
"遊ぶ","あそぶ","To play or have fun","<ruby>公園<rt>こうえん</rt></ruby>で<ruby>遊ぶ<rt>あそぶ</rt></ruby>と<ruby>気分<rt>きぶん</rt></ruby>が<ruby>良<rt>よ</rt></ruby>い。","Playing in the park feels good."
"弾く","ひく","To play a string instrument","<ruby>ギター<rt>ぎたー</rt></ruby>を<ruby>弾く<rt>ひく</rt></ruby>と<ruby>楽<rt>たの</rt></ruby>しい。","Playing the guitar is fun."
"もて遊ぶ","もてあそぶ","To fiddle with or toy with (feelings)","<ruby>彼<rt>かれ</rt></ruby>の<ruby>気持<rt>きも</rt></ruby>ちを<ruby>もて遊ぶ<rt>もてあそぶ</rt></ruby>のは<ruby>悪<rt>わる</rt></ruby>い。","Toying with his feelings is bad."
"企む","たくらむ","To plot or scheme","<ruby>秘密<rt>ひみつ</rt></ruby>の<ruby>計画<rt>けいかく</rt></ruby>を<ruby>企む<rt>たくらむ</rt></ruby>のは<ruby>危険<rt>きけん</rt></ruby>だ。","Plotting a secret plan is dangerous."
"毟る","むしる","To pluck, pick, or tear","<ruby>鳥<rt>とり</rt></ruby>が<ruby>羽<rt>はね</rt></ruby>を<ruby>毟る<rt>むしる</rt></ruby>のを見た。","I saw a bird plucking its feathers."
"刺す","さす","To point out, sting, or stab","<ruby>蜂<rt>はち</rt></ruby>が<ruby>刺す<rt>さす</rt></ruby>と<ruby>痛<rt>いた</rt></ruby>い。","It hurts when a bee stings."
"磨く","みがく","To polish or refine","<ruby>靴<rt>くつ</rt></ruby>を<ruby>磨く<rt>みがく</rt></ruby>と<ruby>綺麗<rt>きれい</rt></ruby>になる。","Polishing shoes makes them shiny."
"のばす","のばす","To postpone or extend","<ruby>期限<rt>きげん</rt></ruby>を<ruby>のばす<rt>のばす</rt></ruby>と<ruby>楽<rt>らく</rt></ruby>になる。","Extending a deadline makes things easier."
"褒める","ほめる","To praise or compliment","<ruby>子供<rt>こども</rt></ruby>を<ruby>褒める<rt>ほめる</rt></ruby>と<ruby>笑顔<rt>えがお</rt></ruby>になる。","Praising a child makes them smile."
"祈る","いのる","To pray or wish for","<ruby>成功<rt>せいこう</rt></ruby>を<ruby>祈る<rt>いのる</rt></ruby>と<ruby>気持<rt>きも</rt></ruby>ちが<ruby>落<rt>お</rt></ruby>ちつく。","Praying for success calms my mind."
"さきのばしにする","さきのばしにする","To procrastinate or put off","<ruby>宿題<rt>しゅくだい</rt></ruby>を<ruby>さきのばしにする<rt>さきのばしにする</rt></ruby>と<ruby>困<rt>こま</rt></ruby>る。","Procrastinating on homework causes trouble."
"産む","うむ","To produce, give birth, or lay eggs","<ruby>鳥<rt>とり</rt></ruby>が<ruby>卵<rt>たまご</rt></ruby>を<ruby>産む<rt>うむ</rt></ruby>と<ruby>驚<rt>おどろ</rt></ruby>く。","I’m surprised when a bird lays eggs."
"儲ける","もうける","To profit or make money","<ruby>商売<rt>しょうばい</rt></ruby>で<ruby>儲ける<rt>もうける</rt></ruby>と<ruby>嬉<rt>うれ</rt></ruby>しい。","Making a profit in business is exciting."
"守る","まもる","To protect or guard","<ruby>家族<rt>かぞく</rt></ruby>を<ruby>守る<rt>まもる</rt></ruby>のは<ruby>大切<rt>たいせつ</rt></ruby>だ。","Protecting family is important."
"証明する","しょうめいする","To prove or demonstrate","<ruby>事実<rt>じじつ</rt></ruby>を<ruby>証明する<rt>しょうめいする</rt></ruby>と<ruby>信頼<rt>しんらい</rt></ruby>される。","Proving the facts earns trust."
"引く","ひく","To pull or draw","<ruby>ロープ<rt>ろーぷ</rt></ruby>を<ruby>引く<rt>ひく</rt></ruby>と<ruby>重<rt>おも</rt></ruby>い<ruby>物<rt>もの</rt></ruby>が<ruby>動<rt>うご</rt></ruby>く。","Pulling the rope moves heavy objects."
"殴る","なぐる","To punch or hit","<ruby>壁<rt>かべ</rt></ruby>を<ruby>殴る<rt>なぐる</rt></ruby>と<ruby>手<rt>て</rt></ruby>が<ruby>痛<rt>いた</rt></ruby>い。","Punching the wall hurts my hand."
"押す","おす","To push or press","<ruby>ボタン<rt>ぼたん</rt></ruby>を<ruby>押す<rt>おす</rt></ruby>と<ruby>機械<rt>きかい</rt></ruby>が<ruby>動<rt>うご</rt></ruby>く。","Pressing the button makes the machine work."
"置く","おく","To put or place","<ruby>本<rt>ほん</rt></ruby>を<ruby>机<rt>つくえ</rt></ruby>に<ruby>置く<rt>おく</rt></ruby>と<ruby>読<rt>よ</rt></ruby>みやすい。","Placing the book on the desk makes it easy to read."
"入れる","いれる","To put in or let in","<ruby>鞄<rt>かばん</rt></ruby>に<ruby>本<rt>ほん</rt></ruby>を<ruby>入れる<rt>いれる</rt></ruby>と<ruby>便利<rt>べんり</rt></ruby>だ。","Putting a book in the bag is convenient."
"のせる","のせる","To put on top of or put on board","<ruby>荷物<rt>にもつ</rt></ruby>を<ruby>車<rt>くるま</rt></ruby>に<ruby>のせる<rt>のせる</rt></ruby>と<ruby>運<rt>はこ</rt></ruby>べる。","Putting luggage on the car allows it to be transported."
"履く","はく","To put on or wear (on feet or legs)","<ruby>新<rt>あたら</rt></ruby>しい<ruby>靴<rt>くつ</rt></ruby>を<ruby>履く<rt>はく</rt></ruby>と<ruby>嬉<rt>うれ</rt></ruby>しい。","Wearing new shoes makes me happy."
"届く","とどく","To reach or be delivered","<ruby>荷物<rt>にもつ</rt></ruby>が<ruby>家<rt>いえ</rt></ruby>に<ruby>届く<rt>とどく</rt></ruby>と<ruby>嬉<rt>うれ</rt></ruby>しい。","I’m happy when a package is delivered to my house."
"及ぶ","およぶ","To reach or extend to","<ruby>影響<rt>えいきょう</rt></ruby>が<ruby>皆<rt>みな</rt></ruby>に<ruby>及ぶ<rt>およぶ</rt></ruby>と<ruby>変<rt>か</rt></ruby>わる。","When the impact extends to everyone, things change."
"読む","よむ","To read","<ruby>本<rt>ほん</rt></ruby>を<ruby>読む<rt>よむ</rt></ruby>と<ruby>知識<rt>ちしき</rt></ruby>が<ruby>増<rt>ふ</rt></ruby>える。","Reading a book increases knowledge."
"受け取る","うけとる","To receive or accept","<ruby>手紙<rt>てがみ</rt></ruby>を<ruby>受け取る<rt>うけとる</rt></ruby>と<ruby>嬉<rt>うれ</rt></ruby>しい。","Receiving a letter makes me happy."
"もらう","もらう","To receive or get","<ruby>友達<rt>ともだち</rt></ruby>から<ruby>贈<rt>おく</rt></ruby>り<ruby>物<rt>もの</rt></ruby>を<ruby>もらう<rt>もらう</rt></ruby>。","I receive a gift from a friend."
"認める","みとめる","To recognize or acknowledge","<ruby>努力<rt>どりょく</rt></ruby>を<ruby>認める<rt>みとめる</rt></ruby>と<ruby>嬉<rt>うれ</rt></ruby>しい。","Having my efforts recognized makes me happy."
"減らす","へらす","To reduce or decrease","<ruby>出費<rt>しゅっぴ</rt></ruby>を<ruby>減らす<rt>へらす</rt></ruby>と<ruby>貯金<rt>ちょきん</rt></ruby>できる。","Reducing expenses allows me to save money."
"断わる","ことわる","To refuse or decline","<ruby>誘<rt>さそ</rt></ruby>いを<ruby>断わる<rt>ことわる</rt></ruby>のは<ruby>難<rt>むずか</rt></ruby>しい。","Declining an invitation is difficult."
"惜しむ","おしむ","To regret or be reluctant","<ruby>時間<rt>じかん</rt></ruby>を<ruby>惜しむ<rt>おしむ</rt></ruby>と<ruby>効率<rt>こうりつ</rt></ruby>が<ruby>上<rt>あ</rt></ruby>がる。","Being reluctant to waste time increases efficiency."
"思い出す","おもいだす","To remember or recall","<ruby>昔<rt>むかし</rt></ruby>の<ruby>事<rt>こと</rt></ruby>を<ruby>思い出す<rt>おもいだす</rt></ruby>と<ruby>懐<rt>なつ</rt></ruby>かしい。","Recalling old times feels nostalgic."
"覚える","おぼえる","To remember or learn","<ruby>単語<rt>たんご</rt></ruby>を<ruby>覚える<rt>おぼえる</rt></ruby>と<ruby>試験<rt>しけん</rt></ruby>に<ruby>役立<rt>やくた</rt></ruby>つ。","Memorizing words helps with the exam."
"外す","はずす","To remove or unfasten","<ruby>靴<rt>くつ</rt></ruby>を<ruby>外す<rt>はずす</rt></ruby>と<ruby>楽<rt>らく</rt></ruby>になる。","Taking off shoes feels relaxing."
"直す","なおす","To repair or cure","<ruby>壊<rt>こわ</rt></ruby>れた<ruby>時計<rt>とけい</rt></ruby>を<ruby>直す<rt>なおす</rt></ruby>と<ruby>動<rt>うご</rt></ruby>く。","Repairing a broken clock makes it work."
"繰り返す","くりかえす","To repeat or redo","<ruby>練習<rt>れんしゅう</rt></ruby>を<ruby>繰り返す<rt>くりかえす</rt></ruby>と<ruby>上達<rt>じょうたつ</rt></ruby>する。","Repeating practice leads to improvement."
"頼む","たのむ","To request, order, or ask a favor","<ruby>友達<rt>ともだち</rt></ruby>に<ruby>手伝<rt>てつだ</rt></ruby>いを<ruby>頼む<rt>たのむ</rt></ruby>。","I ask a friend for help."
"求める","もとめる","To request, seek, or buy","<ruby>知識<rt>ちしき</rt></ruby>を<ruby>求める<rt>もとめる</rt></ruby>と<ruby>成長<rt>せいちょう</rt></ruby>する。","Seeking knowledge leads to growth."
"救う","すくう","To rescue or save","<ruby>困<rt>こま</rt></ruby>った<ruby>人<rt>ひと</rt></ruby>を<ruby>救う<rt>すくう</rt></ruby>のは<ruby>大切<rt>たいせつ</rt></ruby>だ。","Saving someone in trouble is important."
"似る","にる","To resemble or look like","<ruby>彼<rt>かれ</rt></ruby>は<ruby>父<rt>とう</rt></ruby>さんに<ruby>似る<rt>にる</rt></ruby>と言われる。","He’s said to resemble his father."
"尊敬する","そんけいする","To respect or admire","<ruby>先生<rt>せんせい</rt></ruby>を<ruby>尊敬する<rt>そんけいする</rt></ruby>と<ruby>学<rt>まな</rt></ruby>ぶ<ruby>意欲<rt>いよく</rt></ruby>が<ruby>出<rt>で</rt></ruby>る。","Respecting the teacher boosts my desire to learn."
"休む","やすむ","To rest or take a break","<ruby>仕事<rt>しごと</rt></ruby>を<ruby>休む<rt>やすむ</rt></ruby>と<ruby>気持<rt>きも</rt></ruby>ちが<ruby>楽<rt>らく</rt></ruby>になる。","Taking a break from work feels relaxing."
"抑える","おさえる","To restrain or control","<ruby>感情<rt>かんじょう</rt></ruby>を<ruby>抑える<rt>おさえる</rt></ruby>と<ruby>落<rt>お</rt></ruby>ちつく。","Controlling emotions helps me stay calm."
"帰る","かえる","To return or go home","<ruby>家<rt>いえ</rt></ruby>に<ruby>帰る<rt>かえる</rt></ruby>と<ruby>安心<rt>あんしん</rt></ruby>する。","Going home makes me feel at ease."
"戻る","もどる","To return or go back","<ruby>学校<rt>がっこう</rt></ruby>に<ruby>忘<rt>わす</rt></ruby>れ<ruby>物<rt>もの</rt></ruby>を<ruby>取<rt>と</rt></ruby>りに<ruby>戻る<rt>もどる</rt></ruby>。","I go back to school to retrieve a forgotten item."
"戻す","もどす","To return, put back, or vomit","<ruby>本<rt>ほん</rt></ruby>を<ruby>棚<rt>たな</rt></ruby>に<ruby>戻す<rt>もどす</rt></ruby>と<ruby>整<rt>せい</rt></ruby>う。","Putting the book back on the shelf keeps it tidy."
"復習する","ふくしゅうする","To review or study again","<ruby>授業<rt>じゅぎょう</rt></ruby>を<ruby>復習する<rt>ふくしゅうする</rt></ruby>と<ruby>覚<rt>おぼ</rt></ruby>える。","Reviewing lessons helps me remember."
"あざける","あざける","To ridicule or mock","<ruby>彼<rt>かれ</rt></ruby>を<ruby>あざける<rt>あざける</rt></ruby>のは<ruby>悪<rt>わる</rt></ruby>いことだ。","Mocking him is a bad thing."
"実る","みのる","To ripen or bear fruit","<ruby>木<rt>き</rt></ruby>が<ruby>実る<rt>みのる</rt></ruby>と<ruby>果物<rt>くだもの</rt></ruby>が<ruby>採<rt>と</rt></ruby>れる。","When the tree bears fruit, I can pick it."
"走る","はしる","To run or rush","<ruby>公園<rt>こうえん</rt></ruby>を<ruby>走る<rt>はしる</rt></ruby>と<ruby>気持<rt>きも</rt></ruby>ちいい。","Running in the park feels good."
"逃げる","にげる","To run away or escape","<ruby>危険<rt>きけん</rt></ruby>から<ruby>逃げる<rt>にげる</rt></ruby>のは<ruby>賢<rt>かしこ</rt></ruby>い。","Escaping from danger is wise."
"蓄える","たくわえる","To save money, put aside, or store","<ruby>お金<rt>おかね</rt></ruby>を<ruby>蓄える<rt>たくわえる</rt></ruby>と<ruby>安心<rt>あんしん</rt></ruby>だ。","Saving money feels reassuring."
"ためる","ためる","To save, store, or accumulate","<ruby>貯金<rt>ちょきん</rt></ruby>を<ruby>ためる<rt>ためる</rt></ruby>と<ruby>夢<rt>ゆめ</rt></ruby>が<ruby>近<rt>ちか</rt></ruby>づく。","Saving money brings my dreams closer."
"言う","いう","To say or speak","<ruby>本当<rt>ほんとう</rt></ruby>を<ruby>言う<rt>いう</rt></ruby>と<ruby>信頼<rt>しんらい</rt></ruby>される。","Speaking the truth earns trust."
"叱る","しかる","To scold or tell off","<ruby>子供<rt>こども</rt></ruby>を<ruby>叱る<rt>しかる</rt></ruby>と<ruby>静<rt>しず</rt></ruby>かになる。","Scolding a child makes them quiet."
"泣き叫ぶ","なきさけぶ","To scream or cry out","<ruby>怖<rt>こわ</rt></ruby>い<ruby>夢<rt>ゆめ</rt></ruby>で<ruby>泣き叫ぶ<rt>なきさけぶ</rt></ruby>ことがある。","I sometimes cry out from a scary dream."
"探す","さがす","To search for or look for","<ruby>鍵<rt>かぎ</rt></ruby>を<ruby>探す<rt>さがす</rt></ruby>と<ruby>見<rt>み</rt></ruby>つかる。","Searching for keys leads to finding them."
"売る","うる","To sell or offer for sale","<ruby>古<rt>ふる</rt></ruby>い<ruby>本<rt>ほん</rt></ruby>を<ruby>売る<rt>うる</rt></ruby>と<ruby>部屋<rt>へや</rt></ruby>が<ruby>広<rt>ひろ</rt></ruby>くなる。","Selling old books makes the room more spacious."
"送る","おくる","To send or see off","<ruby>手紙<rt>てがみ</rt></ruby>を<ruby>友達<rt>ともだち</rt></ruby>に<ruby>送る<rt>おくる</rt></ruby>と<ruby>喜<rt>よろこ</rt></ruby>ぶ。","Sending a letter to a friend makes them happy."
"気付く","きづく","To sense, realize, or notice","<ruby>ミス<rt>みす</rt></ruby>に<ruby>気付く<rt>きづく</rt></ruby>と<ruby>直<rt>なお</rt></ruby>す。","Noticing a mistake, I fix it."
"離れる","はなれる","To separate from or leave","<ruby>家<rt>いえ</rt></ruby>から<ruby>離れる<rt>はなれる</rt></ruby>と<ruby>寂<rt>さび</rt></ruby>しい。","Leaving home feels lonely."
"照る","てる","To shine (e.g., sun)","<ruby>太陽<rt>たいよう</rt></ruby>が<ruby>照る<rt>てる</rt></ruby>と<ruby>暖<rt>あたた</rt></ruby>かい。","When the sun shines, it’s warm."
"光る","ひかる","To shine or glitter","<ruby>星<rt>ほし</rt></ruby>が<ruby>光る<rt>ひかる</rt></ruby>と<ruby>美<rt>うつく</rt></ruby>しい。","When stars glitter, it’s beautiful."
"輝く","かがやく","To shine or sparkle","<ruby>宝石<rt>ほうせき</rt></ruby>が<ruby>輝く<rt>かがやく</rt></ruby>と<ruby>目<rt>め</rt></ruby>を<ruby>引<rt>ひ</rt></ruby>く。","When a gem sparkles, it catches the eye."
"撃つ","うつ","To shoot or fire","<ruby>的<rt>まと</rt></ruby>を<ruby>撃つ<rt>うつ</rt></ruby>と<ruby>緊張<rt>きんちょう</rt></ruby>する。","Shooting at a target makes me nervous."
"見せる","みせる","To show or display","<ruby>写真<rt>しゃしん</rt></ruby>を<ruby>友達<rt>ともだち</rt></ruby>に<ruby>見せる<rt>みせる</rt></ruby>。","I show a photo to my friend."
"閉める","しめる","To shut or close","<ruby>門<rt>もん</rt></ruby>を<ruby>閉める<rt>しめる</rt></ruby>と<ruby>安全<rt>あんぜん</rt></ruby>だ。","Closing the gate makes it safe."
"歌う","うたう","To sing","<ruby>歌<rt>うた</rt></ruby>を<ruby>歌う<rt>うたう</rt></ruby>と<ruby>気分<rt>きぶん</rt></ruby>が<ruby>良<rt>よ</rt></ruby>い。","Singing a song feels good."
"観光する","かんこうする","To sightsee or tour","<ruby>町<rt>まち</rt></ruby>を<ruby>観光する<rt>かんこうする</rt></ruby>と<ruby>楽<rt>たの</rt></ruby>しい。","Touring the town is fun."
"座る","すわる","To sit","<ruby>椅子<rt>いす</rt></ruby>に<ruby>座る<rt>すわる</rt></ruby>と<ruby>楽<rt>らく</rt></ruby>だ。","Sitting on a chair is comfortable."
"腰掛ける","こしかける","To sit (Western style)","<ruby>ベンチ<rt>べんち</rt></ruby>に<ruby>腰掛ける<rt>こしかける</rt></ruby>と<ruby>休<rt>やす</rt></ruby>める。","Sitting on a bench lets me rest."
"サボる","さぼる","To skip school or class","<ruby>授業<rt>じゅぎょう</rt></ruby>を<ruby>サボる<rt>さぼる</rt></ruby>と<ruby>問題<rt>もんだい</rt></ruby>になる。","Skipping class causes problems."
"寝る","ねる","To sleep or go to bed","<ruby>夜<rt>よる</rt></ruby><ruby>早<rt>はや</rt></ruby>く<ruby>寝る<rt>ねる</rt></ruby>と<ruby>健康<rt>けんこう</rt></ruby>だ。","Going to bed early at night is healthy."
"平手打ちする","ひらてうちする","To slap","<ruby>彼<rt>かれ</rt></ruby>を<ruby>平手打ちする<rt>ひらてうちする</rt></ruby>のは<ruby>悪<rt>わる</rt></ruby>い。","Slapping him is bad."
"壊す","こわす","To smash or break","<ruby>お皿<rt>おさら</rt></ruby>を<ruby>壊す<rt>こわす</rt></ruby>と<ruby>困<rt>こま</rt></ruby>る。","Breaking a plate is troublesome."
"吸う","すう","To smoke or inhale","<ruby>煙草<rt>たばこ</rt></ruby>を<ruby>吸う<rt>すう</rt></ruby>のは<ruby>体<rt>からだ</rt></ruby>に<ruby>悪<rt>わる</rt></ruby>い。","Smoking cigarettes is bad for the body."
"くしゃみする","くしゃみする","To sneeze","<ruby>寒<rt>さむ</rt></ruby>いと<ruby>くしゃみする<rt>くしゃみする</rt></ruby>ことが<ruby>多<rt>おお</rt></ruby>い。","I often sneeze when it’s cold."
"解く","とく","To solve or untie","<ruby>問題<rt>もんだい</rt></ruby>を<ruby>解く<rt>とく</rt></ruby>と<ruby>達成感<rt>たっせいかん</rt></ruby>がある。","Solving a problem gives a sense of achievement."
"こぼす","こぼす","To spill or let fall","<ruby>水<rt>みず</rt></ruby>を<ruby>こぼす<rt>こぼす</rt></ruby>と<ruby>床<rt>ゆか</rt></ruby>が<ruby>濡<rt>ぬ</rt></ruby>れる。","Spilling water wets the floor."
"こぼれる","こぼれる","To spill or overflow","<ruby>カップ<rt>かっぷ</rt></ruby>から<ruby>水<rt>みず</rt></ruby>が<ruby>こぼれる<rt>こぼれる</rt></ruby>と<ruby>困<rt>こま</rt></ruby>る。","It’s troublesome when water overflows from the cup."
"敷く","しく","To spread out or lay","<ruby>布団<rt>ふとん</rt></ruby>を<ruby>敷く<rt>しく</rt></ruby>と<ruby>寝<rt>ね</rt></ruby>やすい。","Laying out bedding makes it easier to sleep."
"広まる","ひろまる","To spread or become popular","<ruby>噂<rt>うわさ</rt></ruby>が<ruby>広まる<rt>ひろまる</rt></ruby>と<ruby>皆<rt>みな</rt></ruby>が<ruby>知<rt>し</rt></ruby>る。","When a rumor spreads, everyone knows."
"広める","ひろめる","To spread or make popular","<ruby>情報<rt>じょうほう</rt></ruby>を<ruby>広める<rt>ひろめる</rt></ruby>と<ruby>役立<rt>やくた</rt></ruby>つ。","Spreading information is helpful."
"見張る","みはる","To stand guard or keep lookout","<ruby>夜<rt>よる</rt></ruby>に<ruby>家<rt>いえ</rt></ruby>を<ruby>見張る<rt>みはる</rt></ruby>と<ruby>安全<rt>あんぜん</rt></ruby>だ。","Keeping watch over the house at night is safe."
"構える","かまえる","To stand prepared or ready","<ruby>試合<rt>しあい</rt></ruby>で<ruby>構える<rt>かまえる</rt></ruby>と<ruby>勝<rt>か</rt></ruby>つ。","Standing ready in a match leads to victory."
"立つ","たつ","To stand up","<ruby>電車<rt>でんしゃ</rt></ruby>で<ruby>立つ<rt>たつ</rt></ruby>と<ruby>疲<rt>つか</rt></ruby>れる。","Standing on the train is tiring."
"始める","はじめる","To start or begin","<ruby>新<rt>あたら</rt></ruby>しい<ruby>仕事<rt>しごと</rt></ruby>を<ruby>始める<rt>はじめる</rt></ruby>と<ruby>緊張<rt>きんちょう</rt></ruby>する。","Starting a new job makes me nervous."
"盗む","ぬすむ","To steal or take secretly","<ruby>財布<rt>さいふ</rt></ruby>を<ruby>盗む<rt>ぬすむ</rt></ruby>のは<ruby>犯罪<rt>はんざい</rt></ruby>だ。","Stealing a wallet is a crime."
"踏む","ふむ","To step on or tread","<ruby>草<rt>くさ</rt></ruby>を<ruby>踏む<rt>ふむ</rt></ruby>と<ruby>傷<rt>きず</rt></ruby>つく。","Stepping on grass damages it."
"張る","はる","To stick or put something on","<ruby>壁<rt>かべ</rt></ruby>に<ruby>絵<rt>え</rt></ruby>を<ruby>張る<rt>はる</rt></ruby>と<ruby>明<rt>あか</rt></ruby>るくなる。","Putting a picture on the wall brightens the room."
"止まる","とまる","To stop or come to a halt","<ruby>車<rt>くるま</rt></ruby>が<ruby>止まる<rt>とまる</rt></ruby>と<ruby>降<rt>お</rt></ruby>りる。","When the car stops, I get off."
"黙る","だまる","To stop talking or be silent","<ruby>授業<rt>じゅぎょう</rt></ruby>で<ruby>黙る<rt>だまる</rt></ruby>と<ruby>集中<rt>しゅうちゅう</rt></ruby>できる。","Being silent in class helps me focus."
"止める","やめる","To stop, give up, or resign","<ruby>仕事<rt>しごと</rt></ruby>を<ruby>止める<rt>やめる</rt></ruby>と<ruby>楽<rt>らく</rt></ruby>になる。","Quitting work makes life easier."
"固める","かためる","To strengthen or solidify","<ruby>土<rt>つち</rt></ruby>を<ruby>固める<rt>かためる</rt></ruby>と<ruby>丈夫<rt>じょうぶ</rt></ruby>になる。","Solidifying the soil makes it sturdy."
"強める","つよめる","To strengthen or intensify","<ruby>力<rt>ちから</rt></ruby>を<ruby>強める<rt>つよめる</rt></ruby>と<ruby>勝<rt>か</rt></ruby>つ。","Strengthening my power helps me win."
"励む","はげむ","To strive or make every effort","<ruby>勉強<rt>べんきょう</rt></ruby>に<ruby>励む<rt>はげむ</rt></ruby>と<ruby>成績<rt>せいせき</rt></ruby>が<ruby>上<rt>あ</rt></ruby>がる。","Striving in studies improves my grades."
"詰める","つめる","To stuff into, pack, or fill","<ruby>鞄<rt>かばん</rt></ruby>に<ruby>物<rt>もの</rt></ruby>を<ruby>詰める<rt>つめる</rt></ruby>と<ruby>重<rt>おも</rt></ruby>い。","Packing things into the bag makes it heavy."
"登録する","とうろくする","To subscribe or register","<ruby>サイト<rt>さいと</rt></ruby>に<ruby>登録する<rt>とうろくする</rt></ruby>と<ruby>情報<rt>じょうほう</rt></ruby>が<ruby>来<rt>く</rt></ruby>る。","Registering on the site brings information."
"差し引く","さしひく","To subtract or deduct","<ruby>費用<rt>ひよう</rt></ruby>を<ruby>差し引く<rt>さしひく</rt></ruby>と<ruby>利益<rt>りえき</rt></ruby>が<ruby>分<rt>わ</rt></ruby>かる。","Deducting expenses reveals the profit."
"成功する","せいこうする","To succeed or achieve","<ruby>試験<rt>しけん</rt></ruby>に<ruby>成功する<rt>せいこうする</rt></ruby>と<ruby>嬉<rt>うれ</rt></ruby>しい。","Succeeding in an exam makes me happy."
"苦しむ","くるしむ","To suffer or be in pain","<ruby>病気<rt>びょうき</rt></ruby>で<ruby>苦しむ<rt>くるしむ</rt></ruby>のは<ruby>辛<rt>つら</rt></ruby>い。","Suffering from illness is painful."
"言い出す","いいだす","To suggest or start talking","<ruby>新<rt>あたら</rt></ruby>しい<ruby>アイデア<rt>あいであ</rt></ruby>を<ruby>言い出す<rt>いいだす</rt></ruby>と<ruby>注目<rt>ちゅうもく</rt></ruby>される。","Suggesting a new idea gets attention."
"適う","かなう","To suit or come true","<ruby>夢<rt>ゆめ</rt></ruby>が<ruby>適う<rt>かなう</rt></ruby>と<ruby>幸<rt>しあわ</rt></ruby>せだ。","When my dream comes true, I’m happy."
"支える","ささえる","To support or sustain","<ruby>家族<rt>かぞく</rt></ruby>を<ruby>支える<rt>ささえる</rt></ruby>のは<ruby>大切<rt>たいせつ</rt></ruby>だ。","Supporting family is important."
"囲む","かこむ","To surround or enclose","<ruby>家<rt>いえ</rt></ruby>を<ruby>木<rt>き</rt></ruby>で<ruby>囲む<rt>かこむ</rt></ruby>と<ruby>美<rt>うつく</rt></ruby>しい。","Surrounding the house with trees is beautiful."
"泳ぐ","およぐ","To swim","<ruby>海<rt>うみ</rt></ruby>で<ruby>泳ぐ<rt>およぐ</rt></ruby>と<ruby>気持<rt>きも</rt></ruby>ちいい。","Swimming in the sea feels good."
"取る","とる","To take or obtain","<ruby>写真<rt>しゃしん</rt></ruby>を<ruby>取る<rt>とる</rt></ruby>と<ruby>記念<rt>きねん</rt></ruby>になる。","Taking a photo becomes a memory."
"掛かる","かかる","To take (length of time)","<ruby>旅行<rt>りょこう</rt></ruby>に<ruby>時間<rt>じかん</rt></ruby>が<ruby>掛かる<rt>かかる</rt></ruby>。","Travel takes time."
"浴びる","あびる","To take a shower or bathe","<ruby>朝<rt>あさ</rt></ruby>に<ruby>シャワー<rt>しゃわー</rt></ruby>を<ruby>浴びる<rt>あびる</rt></ruby>と<ruby>爽快<rt>そうかい</rt></ruby>だ。","Taking a shower in the morning is refreshing."
"引き受ける","ひきうける","To take charge of or undertake","<ruby>仕事<rt>しごと</rt></ruby>を<ruby>引き受ける<rt>ひきうける</rt></ruby>と<ruby>忙<rt>いそが</rt></ruby>しい。","Taking on work makes me busy."
"脱ぐ","ぬぐ","To take off or remove (shoes, clothes)","<ruby>靴<rt>くつ</rt></ruby>を<ruby>脱ぐ<rt>ぬぐ</rt></ruby>と<ruby>楽<rt>らく</rt></ruby>になる。","Taking off shoes feels relaxing."
"離陸する","りりくする","To take off (plane)","<ruby>飛行機<rt>ひこうき</rt></ruby>が<ruby>離陸する<rt>りりくする</rt></ruby>と<ruby>冒険<rt>ぼうけん</rt></ruby>が<ruby>始<rt>はじ</rt></ruby>まる。","When the plane takes off, the adventure begins."
"関わる","かかわる","To take part in or affect","<ruby>プロジェクト<rt>ぷろじぇくと</rt></ruby>に<ruby>関わる<rt>かかわる</rt></ruby>と<ruby>学<rt>まな</rt></ruby>ぶ。","Taking part in a project helps me learn."
"話す","はなす","To talk or speak","<ruby>友達<rt>ともだち</rt></ruby>と<ruby>話す<rt>はなす</rt></ruby>と<ruby>楽<rt>たの</rt></ruby>しい。","Talking with friends is fun."
"言い換える","いいかえる","To talk back or retort","<ruby>意見<rt>いけん</rt></ruby>を<ruby>言い換える<rt>いいかえる</rt></ruby>と<ruby>分<rt>わ</rt></ruby>かりやすい。","Rephrasing an opinion makes it clearer."
"教える","おしえる","To teach or show","<ruby>子供<rt>こども</rt></ruby>に<ruby>勉強<rt>べんきょう</rt></ruby>を<ruby>教える<rt>おしえる</rt></ruby>。","I teach children how to study."
"やぶる","やぶる","To tear, break, or defeat","<ruby>紙<rt>かみ</rt></ruby>を<ruby>やぶる<rt>やぶる</rt></ruby>と<ruby>音<rt>おと</rt></ruby>がする。","Tearing paper makes a sound."
"冷やかす","ひやかす","To tease or make fun of","<ruby>彼<rt>かれ</rt></ruby>を<ruby>冷やかす<rt>ひやかす</rt></ruby>と<ruby>笑<rt>わら</rt></ruby>う。","Teasing him makes me laugh."
"戒める","いましめる","To tell off or caution","<ruby>子供<rt>こども</rt></ruby>を<ruby>戒める<rt>いましめる</rt></ruby>と<ruby>学<rt>まな</rt></ruby>ぶ。","Cautioning a child helps them learn."
"試す","ためす","To test, try, or taste","<ruby>新<rt>あたら</rt></ruby>しい<ruby>料理<rt>りょうり</rt></ruby>を<ruby>試す<rt>ためす</rt></ruby>と<ruby>楽<rt>たの</rt></ruby>しい。","Trying new food is fun."
"感謝する","かんしゃする","To thank or express gratitude","<ruby>友達<rt>ともだち</rt></ruby>に<ruby>感謝する<rt>かんしゃする</rt></ruby>と<ruby>気持<rt>きも</rt></ruby>ちいい。","Thanking a friend feels good."
"考える","かんがえる","To think or consider","<ruby>未来<rt>みらい</rt></ruby>を<ruby>考える<rt>かんがえる</rt></ruby>と<ruby>ワクワク<rt>わくわく</rt></ruby>する。","Thinking about the future is exciting."
"思う","おもう","To think or feel","<ruby>彼<rt>かれ</rt></ruby>を<ruby>思う<rt>おもう</rt></ruby>と<ruby>心<rt>こころ</rt></ruby>が<ruby>温<rt>あたた</rt></ruby>まる。","Thinking of him warms my heart."
"思いつく","おもいつく","To think of or come to mind","<ruby>新<rt>あたら</rt></ruby>しい<ruby>アイデア<rt>あいであ</rt></ruby>が<ruby>思いつく<rt>おもいつく</rt></ruby>と<ruby>嬉<rt>うれ</rt></ruby>しい。","Coming up with a new idea makes me happy."
"投げる","なげる","To throw or toss","<ruby>ボール<rt>ぼーる</rt></ruby>を<ruby>投げる<rt>なげる</rt></ruby>と<ruby>遠<rt>とお</rt></ruby>くに<ruby>飛<rt>と</rt></ruby>ぶ。","Throwing a ball makes it fly far."
"捨てる","すてる","To throw away or discard","<ruby>ゴミ<rt>ごみ</rt></ruby>を<ruby>捨てる<rt>すてる</rt></ruby>と<ruby>部屋<rt>へや</rt></ruby>が<ruby>綺麗<rt>きれい</rt></ruby>だ。","Throwing away trash makes the room clean."
"結ぶ","むすぶ","To tie, knot, or make a contract","<ruby>靴<rt>くつ</rt></ruby>の<ruby>紐<rt>ひも</rt></ruby>を<ruby>結ぶ<rt>むすぶ</rt></ruby>と<ruby>安全<rt>あんぜん</rt></ruby>だ。","Tying shoelaces is safe."
"上回る","うわまわる","To top or exceed","<ruby>目標<rt>もくひょう</rt></ruby>を<ruby>上回る<rt>うわまわる</rt></ruby>と<ruby>達成感<rt>たっせいかん</rt></ruby>がある。","Exceeding a goal gives a sense of achievement."
"虐める","いじめる","To torment or bully","<ruby>弱<rt>よわ</rt></ruby>い<ruby>子<rt>こ</rt></ruby>を<ruby>虐める<rt>いじめる</rt></ruby>のは<ruby>悪<rt>わる</rt></ruby>い。","Bullying a weaker child is bad."
"いびる","いびる","To torment or roast (tease)","<ruby>彼<rt>かれ</rt></ruby>を<ruby>いびる<rt>いびる</rt></ruby>と<ruby>怒<rt>おこ</rt></ruby>る。","Teasing him makes him angry."
"触れる","ふれる","To touch or mention","<ruby>花<rt>はな</rt></ruby>に<ruby>触れる<rt>ふれる</rt></ruby>と<ruby>柔<rt>やわ</rt></ruby>らかい。","Touching a flower feels soft."
"触る","さわる","To touch or feel (physically)","<ruby>熱<rt>あつ</rt></ruby>い<ruby>物<rt>もの</rt></ruby>を<ruby>触る<rt>さわる</rt></ruby>と<ruby>危<rt>あぶ</rt></ruby>ない。","Touching something hot is dangerous."
"乗り換える","のりかえる","To transit or change vehicles","<ruby>駅<rt>えき</rt></ruby>で<ruby>電車<rt>でんしゃ</rt></ruby>を<ruby>乗り換える<rt>のりかえる</rt></ruby>。","I change trains at the station."
"旅行する","りょこうする","To travel or go on a trip","<ruby>海外<rt>かいがい</rt></ruby>を<ruby>旅行する<rt>りょこうする</rt></ruby>と<ruby>楽<rt>たの</rt></ruby>しい。","Traveling abroad is fun."
"騙す","だます","To trick or deceive","<ruby>友達<rt>ともだち</rt></ruby>を<ruby>騙す<rt>だます</rt></ruby>のは<ruby>悪<rt>わる</rt></ruby>い。","Tricking a friend is bad."
"挑戦する","ちょうせんする","To try or challenge","<ruby>新<rt>あたら</rt></ruby>しい<ruby>事<rt>こと</rt></ruby>に<ruby>挑戦する<rt>ちょうせんする</rt></ruby>と<ruby>成長<rt>せいちょう</rt></ruby>する。","Challenging new things leads to growth."
"曲がる","まがる","To turn or bend","<ruby>角<rt>かど</rt></ruby>を<ruby>曲がる<rt>まがる</rt></ruby>と<ruby>店igator<rt>みせ</rt></ruby>がある。","Turning the corner, there’s a shop."
"消す","けす","To turn off or erase","<ruby>電気<rt>でんき</rt></ruby>を<ruby>消す<rt>けす</rt></ruby>と<ruby>暗<rt>くら</rt></ruby>くなる。","Turning off the light makes it dark."
"点ける","つける","To turn on or light","<ruby>電気<rt>でんき</rt></ruby>を<ruby>点ける<rt>つける</rt></ruby>と<ruby>明<rt>あか</rt></ruby>るくなる。","Turning on the light makes it bright."
"捩じる","ねじる","To twist or wrench","<ruby>蓋<rt>ふた</rt></ruby>を<ruby>捩じる<rt>ねじる</rt></ruby>と<ruby>開<rt>あ</rt></ruby>く。","Twisting the lid opens it."
"分かる","わかる","To understand or comprehend","<ruby>説明<rt>せつめい</rt></ruby>を<ruby>聞<rt>き</rt></ruby>くと<ruby>分かる<rt>わかる</rt></ruby>。","Listening to an explanation helps me understand."
"組む","くむ","To unite or put together","<ruby>友達<rt>ともだち</rt></ruby>と<ruby>組む<rt>くむ</rt></ruby>と<ruby>強<rt>つよ</rt></ruby>い。","Teaming up with a friend makes us stronger."
"解く","ほどく","To untie or unravel","<ruby>紐<rt>ひも</rt></ruby>を<ruby>解く<rt>ほどく</rt></ruby>と<ruby>楽<rt>らく</rt></ruby>になる。","Untying the string makes it easier."
"使う","つかう","To use or operate","<ruby>道具<rt>どうぐ</rt></ruby>を<ruby>使う<rt>つかう</rt></ruby>と<ruby>仕事<rt>しごと</rt></ruby>が<ruby>早<rt>はや</rt></ruby>い。","Using tools makes work faster."
"消える","きえる","To vanish or be extinguished","<ruby>星<rt>ほし</rt></ruby>が<ruby>消える<rt>きえる</rt></ruby>と<ruby>寂<rt>さび</rt></ruby>しい。","When a star vanishes, it feels lonely."
"吐く","はく","To vomit or throw up","<ruby>食<rt>た</rt></ruby>べすぎて<ruby>吐く<rt>はく</rt></ruby>と<ruby>辛<rt>つら</rt></ruby>い。","Overeating and vomiting is painful."
"待つ","まつ","To wait or await","<ruby>友達<rt>ともだち</rt></ruby>を<ruby>駅<rt>えき</rt></ruby>で<ruby>待つ<rt>まつ</rt></ruby>。","I wait for a friend at the station."
"起こす","おこす","To wake somebody up","<ruby>子供<rt>こども</rt></ruby>を<ruby>朝<rt>あさ</rt></ruby>に<ruby>起こす<rt>おこす</rt></ruby>。","I wake the kids up in the morning."
"歩く","あるく","To walk or stroll","<ruby>公園<rt>こうえん</rt></ruby>を<ruby>歩く<rt>あるく</rt></ruby>と<ruby>気持<rt>きも</rt></ruby>ちいい。","Walking in the park feels good."
"欲しがる","ほしがる","To want or desire","<ruby>子供<rt>こども</rt></ruby>が<ruby>お菓子<rt>おかし</rt></ruby>を<ruby>欲しがる<rt>ほしがる</rt></ruby>。","The child wants snacks."
"洗う","あらう","To wash or clean","<ruby>服<rt>ふく</rt></ruby>を<ruby>洗う<rt>あらう</rt></ruby>と<ruby>綺麗<rt>きれい</rt></ruby>になる。","Washing clothes makes them clean."
"眺める","ながめる","To watch or view (with attention)","<ruby>海<rt>うみ</rt></ruby>を<ruby>眺める<rt>ながめる</rt></ruby>と<ruby>心<rt>こころ</rt></ruby>が<ruby>落<rt>お</rt></ruby>ちつく。","Watching the sea calms my heart."
"着る","きる","To wear (clothes on the body)","<ruby>新<rt>あたら</rt></ruby>しい<ruby>服<rt>ふく</rt></ruby>を<ruby>着る<rt>きる</rt></ruby>と<ruby>気分<rt>きぶん</rt></ruby>がいい。","Wearing new clothes feels good."
"被る","かぶる","To wear on the head or put on (e.g., a hat)","<ruby>帽子<rt>ぼうし</rt></ruby>を<ruby>被る<rt>かぶる</rt></ruby>と<ruby>日焼<rt>ひや</rt></ruby>けを<ruby>防<rt>ふせ</rt></ruby>ぐ。","Wearing a hat prevents sunburn."
"勝つ","かつ","To win or triumph","<ruby>試合<rt>しあい</rt></ruby>で<ruby>勝つ<rt>かつ</rt></ruby>と<ruby>嬉<rt>うれ</rt></ruby>しい。","Winning a match makes me happy."
"働く","はたらく","To work or labor","<ruby>会社<rt>かいしゃ</rt></ruby>で<ruby>働く<rt>はたらく</rt></ruby>と<ruby>疲<rt>つか</rt></ruby>れる。","Working at the company is tiring."
"勤める","つとめる","To work for or be employed at","<ruby>学校<rt>がっこう</rt></ruby>で<ruby>勤める<rt>つとめる</rt></ruby>のは<ruby>楽<rt>たの</rt></ruby>しい。","Working at a school is fun."
"気遣う","きづかう","To worry about or consider others","<ruby>友達<rt>ともだち</rt></ruby>を<ruby>気遣う<rt>きづかう</rt></ruby>と<ruby>感謝<rt>かんしゃ</rt></ruby>される。","Considering my friend earns their gratitude."
"祀る","まつる","To worship or enshrine","<ruby>神<rt>かみ</rt></ruby>を<ruby>祀る<rt>まつる</rt></ruby>と<ruby>心<rt>こころ</rt></ruby>が<ruby>静<rt>しず</rt></ruby>まる。","Worshipping a deity calms my heart."
"傷つける","きずつける","To wound, damage, or harm","<ruby>言葉<rt>ことば</rt></ruby>で<ruby>人<rt>ひと</rt></ruby>を<ruby>傷つける<rt>きずつける</rt></ruby>のは<ruby>悪<rt>わる</rt></ruby>い。","Hurting someone with words is bad."
"包む","つつむ","To wrap or cover","<ruby>贈<rt>おく</rt></ruby>り<ruby>物<rt>もの</rt></ruby>を<ruby>包む<rt>つつむ</rt></ruby>と<ruby>綺麗<rt>きれい</rt></ruby>だ。","Wrapping a gift makes it beautiful."
"書く","かく","To write or compose","<ruby>手紙<rt>てがみ</rt></ruby>を<ruby>書く<rt>かく</rt></ruby>と<ruby>気持<rt>きも</rt></ruby>ちが<ruby>伝<rt>つた</rt></ruby>わる。","Writing a letter conveys my feelings."
"あくびする","あくびする","To yawn","<ruby>授業<rt>じゅぎょう</rt></ruby>で<ruby>あくびする<rt>あくびする</rt></ruby>と<ruby>眠<rt>ねむ</rt></ruby>い。","Yawning in class means I’m sleepy."
"怒鳴る","どなる","To yell or shout","<ruby>彼<rt>かれ</rt></ruby>が<ruby>怒鳴る<rt>どなる</rt></ruby>と<ruby>怖<rt>こわ</rt></ruby>い。","It’s scary when he yells."
