不動産,ふどうさん,Real estate,<ruby>不動産<rt>ふどうさん</rt></ruby><ruby>業界<rt>ぎょうかい</rt></ruby>は今、<ruby>景気<rt>けいき</rt></ruby>が<ruby>良<rt>よ</rt></ruby>いです。,The real estate industry is currently doing well.
賃貸,ちんたい,Rent/lease,この<ruby>賃貸<rt>ちんたい</rt></ruby>マンションは<ruby>最先端<rt>さいせんたん</rt></ruby>の<ruby>設備<rt>せつび</rt></ruby>と<ruby>都心<rt>としん</rt></ruby>へのアクセスが<ruby>良好<rt>りょうこう</rt></ruby>で、ビジネスパーソンに<ruby>人気<rt>にんき</rt></ruby>があります。,This rental apartment is popular among business people for its state-of-the-art facilities and good access to the city center.
賃貸契約,ちんたいけいやく,Rental agreement/lease contract,<ruby>賃貸<rt>ちんたい</rt></ruby><ruby>契約<rt>けいやく</rt></ruby>を<ruby>更新<rt>こうしん</rt></ruby>する<ruby>必要<rt>ひつよう</rt></ruby>があります。,I need to renew my rental agreement.
物件,ぶっけん,Property,その<ruby>物件<rt>ぶっけん</rt></ruby>は<ruby>駅<rt>えき</rt></ruby>から<ruby>近<rt>ちか</rt></ruby>いです。,That property is close to the station.
アパート,アパート,Apartment,<ruby>新<rt>あたら</rt><ruby>しいアパートに<ruby>引<rt>ひ</rt></ruby>っ<ruby>越<rt>こ</rt></ruby>しました。,I moved into a new apartment.
マンション,マンション,Condominium/Apartment building,<ruby>彼<rt>かれ</rt></ruby>は<ruby>都心<rt>としん</rt></ruby>のマンションに<ruby>住<rt>す</rt></ruby>んでいます。,He lives in a condominium in the city center.
一戸建て,いっこだて,Detached house,<ruby>家族<rt>かぞく</rt></ruby>で<ruby>一戸建<rt>いっこだて</rt></ruby>てを<ruby>購入<rt>こうにゅう</rt></ruby>しました。,We bought a detached house with my family.
部屋,へや,Room,この<ruby>部屋<rt>へや</rt></ruby>はとても<ruby>広<rt>ひろ</rt></ruby>いです。,This room is very spacious.
家賃,やちん,Rent,<ruby>家賃<rt>やちん</rt></ruby>は<ruby>毎月<rt>まいつき</rt></ruby><ruby>初<rt>はじ</rt></ruby>めに<ruby>支払<rt>しはら</rt></ruby>います。,Rent is paid at the beginning of each month.
礼金,れいきん,Key money,この<ruby>物件<rt>ぶっけん</rt></ruby>は<ruby>礼金<rt>れいきん</rt></ruby>が<ruby>不要<rt>ふよう</rt></ruby>です。,This property does not require key money.
敷金,しききん,Security deposit,アパートを<ruby>借<rt>か</rt></ruby>りる<ruby>際<rt>さい</rt></ruby>には<ruby>敷金<rt>しききん</rt></ruby>が<ruby>必要<rt>ひつよう</rt></ruby>です。,A security deposit is required when renting an apartment.
管理費,かんりひ,Maintenance fee,<ruby>毎月<rt>まいつき</rt></ruby>の<ruby>管理費<rt>かんりひ</rt></ruby>は<ruby>高<rt>たか</rt></ruby>くありません。,The monthly maintenance fee is not expensive.
共益費,きょうえきひ,Common service fee,<ruby>共益費<rt>きょうえきひ</rt></ruby>にはエレベーターの<ruby>費用<rt>ひよう</rt></ruby>が<ruby>含<rt>ふく</rt></ruby>まれています。,The common service fee includes the cost of the elevator.
仲介手数料,ちゅうかいてすうりょう,Agency fee,<ruby>新<rt>あたら</rt></ruby>しい<ruby>部屋<rt>へや</rt></ruby>を<ruby>探<rt>さが</rt></ruby>すのに<ruby>仲介手数料<rt>ちゅうかいてすうりょう</rt></ruby>がかかります。,An agency fee is charged for finding a new room.
更新料,こうしんりょう,Renewal fee,<ruby>契約<rt>けいやく</rt></ruby><ruby>更新<rt>こうしん</rt></ruby>の<ruby>際<rt>さい</rt></ruby>には<ruby>更新料<rt>こうしんりょう</rt></ruby>が<ruby>必要<rt>ひつよう</rt></ruby>です。,A renewal fee is required when renewing the contract.
入居日,にゅうきょび,Move-in date,<ruby>入居日<rt>にゅうきょび</rt></ruby>は<ruby>来月<rt>らいげつ</rt></ruby>の<ruby>一日<rt>ついたち</rt></ruby>です。,The move-in date is the first of next month.
退去,たいきょ,Move-out,<ruby>退去<rt>たいきょ</rt></ruby>は<ruby>事前<rt>じぜん</rt></ruby>に<ruby>通知<rt>つうち</rt></ruby>が<ruby>必要<rt>ひつよう</rt></ruby>です。,Advance notice is required for moving out.
住民票,じゅうみんひょう,Certificate of residence,<ruby>住民票<rt>じゅうみんひょう</rt></ruby>を<ruby>市役所<rt>しやくしょ</rt></ruby>で<ruby>取得<rt>しゅとく</rt></ruby>しました。,I obtained my certificate of residence at the city hall.
間取り,まどり,Floor plan/layout,このアパートの<ruby>間取<rt>まど</rt></ruby>りはとても<ruby>便利<rt>べんり</rt></ruby>です。,The floor plan of this apartment is very convenient.
築年数,ちくねんすう,Age of a building,このビル</ruby>の<ruby>築年数<rt>ちくねんすう</rt></ruby>は<ruby>10年<rt>じゅうねん</rt></ruby>です。,The age of this building is 10 years.
日当たり,ひあたり,Sun exposure,<ruby>私<rt>わたし</rt></ruby>の<ruby>部屋<rt>へや</rt></ruby>は<ruby>日当<rt>ひあ</rt></ruby>たりが<ruby>良<rt>よ</rt></ruby>いです。,My room has good sun exposure.
駐車場,ちゅうしゃじょう,Parking lot,このマンションには<ruby>専用<rt>せんよう</rt></ruby><ruby>駐車場<rt>ちゅうしゃじょう</rt></ruby>があります。,This apartment building has a private parking lot.
ペット可,ぺっとか,Pets-allowed,この<ruby>物件<rt>ぶっけん</rt></ruby>はペット<ruby>可<rt>か</rt></ruby>です。,This property allows pets.
近隣,きんりん,Neighborhood,<ruby>近隣<rt>きんりん</rt></ruby>にはスーパーや<ruby>学校<rt>がっこう</rt></ruby>があります。,There are supermarkets and schools in the neighborhood.
大家,おおや,Landlord,この<ruby>地区<rt>ちく</rt></ruby>では、<ruby>大家<rt>おおや</rt></ruby>さんが<ruby>地域<rt>ちいき</rt></ruby>の<ruby>清掃<rt>せいそう</rt></ruby><ruby>活動<rt>かつどう</rt></ruby>を<ruby>積極的<rt>せっきょくてき</rt></ruby>に<ruby>推進<rt>すいしん</rt></ruby>しています。,"In this area, the landlords are actively promoting neighborhood clean-up activities."
入居者,にゅうきょしゃ,Tenant,<ruby>新<rt>あたら</rt></ruby>しい<ruby>入居者<rt>にゅうきょしゃ</rt></ruby>が<ruby>今月<rt>こんげつ</rt></ruby>から<ruby>住<rt>す</rt></ruby>み<ruby>始<rt>はじ</rt></ruby>めます。,The new tenant will start living here from this month.
空室,くうしつ,Vacant room,この<ruby>ビル<rt>びる</rt></ruby>には<ruby>幾<rt>いく</rt></ruby>つか<ruby>空室<rt>くうしつ</rt></ruby>があります。,There are several vacant rooms in this building.
管理会社,かんりがいしゃ,Management company,<ruby>管理会社<rt>かんりがいしゃ</rt></ruby>が<ruby>建物<rt>たてもの</rt></ruby>の<ruby>メンテナンス<rt>めんてなんす</rt></ruby>を<ruby>行<rt>おこな</rt></ruby>います。,The management company handles the maintenance of the building.
契約期間,けいやくきかん,Contract period,<ruby>契約<rt>けいやく</rt></ruby><ruby>期間<rt>きかん</rt></ruby>は<ruby>2年間<rt>にねんかん</rt></ruby>です。,The contract period is two years.
住宅ローン,じゅうたくローン,Mortgage,<ruby>住宅<rt>じゅうたく</rt></ruby><ruby>ローン<rt>ろーん</rt></ruby>を<ruby>組<rt>く</rt></ruby>んで<ruby>家<rt>いえ</rt></ruby>を<ruby>買<rt>か</rt></ruby>いました。,I bought a house with a mortgage.
物件情報,ぶっけんじょうほう,Property information,<ruby>不動産<rt>ふどうさん</rt></ruby><ruby>サイト<rt>さいと</rt></ruby>で<ruby>物件<rt>ぶっけん</rt></ruby><ruby>情報<rt>じょうほう</rt></ruby>を<ruby>確認<rt>かくにん</rt></ruby>しました。,I checked the property information on the real estate website.
内見,ないけん,Property viewing/inspection,<ruby>明日<rt>あした</rt></ruby>、アパートの<ruby>内見<rt>ないけん</rt></ruby>に<ruby>行<rt>い</rt></ruby>きます。,I will go view the apartment tomorrow.
即入居,そくにゅうきょ,Available immediately,この<ruby>部屋<rt>へや</rt></ruby>は<ruby>即<rt>そく</rt></ruby><ruby>入居<rt>にゅうきょ</rt></ruby><ruby>可能<rt>かのう</rt></ruby>です。,This room is available immediately.
新築,しんちく,Newly built,<ruby>新築<rt>しんちく</rt></ruby>の<ruby>住宅<rt>じゅうたく</rt></ruby>には、<ruby>最新<rt>さいしん</rt></ruby>のエコフレンドリーな<ruby>技術<rt>ぎじゅつ</rt></ruby>が<ruby>導入<rt>どうにゅう</rt></ruby>され、<ruby>住<rt>す</rt></ruby>む<ruby>人<rt>ひと</rt></ruby>の<ruby>生活<rt>せいかつ</rt></ruby>をより<ruby>快適<rt>かいてき</rt></ruby>にしています。,"The newly constructed houses incorporate the latest eco-friendly technologies, making life more comfortable for residents."
中古,ちゅうこ,Pre-owned,この<ruby>中古<rt>ちゅうこ</rt></ruby>の<ruby>家<rt>いえ</rt></ruby>は、リフォーム<ruby>済<rt>ず</rt></ruby>みで<ruby>新築<rt>しんちく</rt></ruby><ruby>同様<rt>どうよう</rt></ruby>の<ruby>品質<rt>ひんしつ</rt></ruby>を<ruby>備<rt>そな</rt></ruby>えています。,This second-hand house has been renovated and offers quality comparable to a new build.
リノベーション,リノベーション,Renovation,リノベーション<ruby>済<rt>ず</rt></ruby>みの<ruby>物件<rt>ぶっけん</rt></ruby>を<ruby>見<rt>み</rt></ruby>に<ruby>行<rt>い</rt></ruby>きました。,I went to see a renovated property.
オートロック,オートロック,Auto-lock (security system),オートロック<ruby>付<rt>つ</rt></ruby>きのマンションに<ruby>住<rt>す</rt></ruby>んでいます。,I live in an apartment building with an auto-lock system.
バルコニー,バルコニー,Balcony,バルコニーからの<ruby>眺<rt>なが</rt></ruby>めが<ruby>素晴<rt>すば</rt></ruby>らしいです。,The view from the balcony is wonderful.
エアコン,エアコン,Air conditioner,<ruby>夏<rt>なつ</rt></ruby>はエアコンが<ruby>欠<rt>か</rt></ruby>かせません。,The air conditioner is essential in summer.
フローリング,フローリング,Wooden flooring,リビングルームはフローリングです。,The living room has wooden flooring.
ガスコンロ,ガスコンロ,Gas stove,キッチンには<ruby>新<rt>あたら</rt></ruby>しいガスコンロがあります。,There is a new gas stove in the kitchen.
IHクッキングヒーター,IHクッキングヒーター,Induction heating stove,このマンションはIHクッキングヒーターを<ruby>使用<rt>しよう</rt></ruby>しています。,This apartment uses an IH stove.
ウォークインクローゼット,ウォークインクローゼット,Walk-in closet,<ruby>主寝室<rt>しゅしんしつ</rt></ruby>にはウォークインクローゼットがあります。,The master bedroom has a walk-in closet.
洗面所,せんめんじょ,Washroom,<ruby>洗面所<rt>せんめんじょ</rt></ruby>はバスルームの<ruby>隣<rt>となり</rt></ruby>にあります。,The washroom is next to the bathroom.
浴室,よくしつ,Bathroom,この<ruby>家<rt>いえ</rt></ruby>の<ruby>浴室<rt>よくしつ</rt></ruby>はとても<ruby>広<rt>ひろ</rt></ruby>いです。,The bathroom in this house is very spacious.
洗濯機置き場,せんたくきおきば,Space for a washing machine,<ruby>洗濯機<rt>せんたくき</rt></ruby><ruby>置<rt>お</rt></ruby>き<ruby>場<rt>ば</rt></ruby>はバルコニーにあります。,The washing machine space is on the balcony.
給湯,きゅうとう,Hot water supply,<ruby>給湯<rt>きゅうとう</rt></ruby>システムが<ruby>故障<rt>こしょう</rt></ruby>しています。,The hot water supply system is broken.
インターネット接続,インターネットせつぞく,Internet connection,このマンションは<ruby>高速<rt>こうそく</rt></ruby>インターネット<ruby>接続<rt>せつぞく</rt></ruby>が<ruby>可能<rt>かのう</rt></ruby>です。,This apartment building offers high-speed internet connection.
家具付き,かぐつき,Furnished,このアパートは<ruby>家具<rt>かぐ</rt></ruby><ruby>付<rt>つ</rt></ruby>きで<ruby>貸<rt>か</rt></ruby>し<ruby>出<rt>だ</rt></ruby>されています。,This apartment is rented furnished.
角部屋,かどべや,Corner room,<ruby>角部屋<rt>かくべや</rt></ruby>は<ruby>日当<rt>ひあたり</rt></ruby>たりが<ruby>良<rt>よ</rt></ruby>いです。,The corner room has good sun exposure.
最上階,さいじょうかい,Top floor,私の<ruby>部屋<rt>へや</rt></ruby>は<ruby>最上階<rt>さいじょうかい</rt></ruby>にあります。,My room is on the top floor.
閑静な住宅街,かんせいなじゅうたくがい,Quiet residential area,この<ruby>家<rt>いえ</rt></ruby>は<ruby>閑静<rt>かんせい</rt></ruby>な<ruby>住宅街<rt>じゅうたくがい</rt></ruby>にあります。,This house is located in a quiet residential area.
防音,ぼうおん,Soundproofing,<ruby>防音<rt>ぼうおん</rt></ruby>の<ruby>部屋<rt>へや</rt></ruby>で<ruby>音楽<rt>おんがく</rt></ruby>を<ruby>練習<rt>れんしゅう</rt></ruby>しています。,I practice music in a soundproof room.
収納,しゅうのう,Storage,<ruby>収納<rt>しゅうのう</rt></ruby>スペースがたくさんあります。,There is plenty of storage space.
契約書,けいやくしょ,Contract (document),<ruby>契約書<rt>けいやくしょ</rt></ruby>にサインしました。,I signed the contract.
解約,かいやく,Cancellation of contract,<ruby>解約<rt>かいやく</rt></ruby>には<ruby>事前<rt>じぜん</rt></ruby>の<ruby>通知<rt>つうち</rt></ruby>が<ruby>必要<rt>ひつよう</rt></ruby>です。,Advance notice is required for contract cancellation.
保証人,ほしょうにん,Guarantor,<ruby>契約<rt>けいやく</rt></ruby>には<ruby>保証人<rt>ほしょうにん</rt></ruby>が<ruby>必要<rt>ひつよう</rt></ruby>です。,A guarantor is required for the contract.
連帯保証人,れんたいほしょうにん,Joint guarantor,<ruby>連帯保証人<rt>れんたいほしょうにん</rt></ruby>として<ruby>署名<rt>しょめい</rt></ruby>しました。,I signed as a joint guarantor.
火災保険,かさいほけん,Fire insurance,<ruby>火災保険<rt>かさいほけん</rt></ruby>に<ruby>加入<rt>かにゅう</rt></ruby>しています。,I have fire insurance.
住み替え,すみかえ,Moving to a new residence,<ruby>来月<rt>らいげつ</rt></ruby>、<ruby>住<rt>す</rt></ruby>み<ruby>替<rt>か</rt></ruby>えを<ruby>予定<rt>よてい</rt></ruby>しています。,I plan to move to a new residence next month.
自主管理,じしゅかんり,Self-management (property managed by the owner),このアパートは<ruby>自主管理<rt>じしゅかんり</rt></ruby>です。,This apartment is managed directly by the owner.
共用部分,きょうようぶぶん,Common areas,<ruby>共用部分<rt>きょうようぶぶん</rt></ruby>の<ruby>掃除<rt>そうじ</rt></ruby>は<ruby>管理会社<rt>かんりがいしゃ</rt></ruby>が<ruby>行<rt>おこな</rt></ruby>います。,The management company cleans the common areas.
住宅,じゅうたく,Housing/residence,<ruby>郊外<rt>こうがい</rt></ruby>の<ruby>住宅<rt>じゅうたく</rt></ruby>は、<ruby>広々<rt>ひろびろ</rt></ruby>とした<ruby>庭<rt>にわ</rt></ruby><ruby>付き<rt>つき</rt></ruby>で<ruby>家族<rt>かぞく</rt></ruby><ruby>向<rt>む</rt></ruby>けに<ruby>最適<rt>さいてき</rt></ruby>です。,"Houses in the suburbs are ideal for families, offering spacious yards."
住民,じゅうみん,Resident,この<ruby>地域<rt>ちいき</rt></ruby>の<ruby>住民<rt>じゅうみん</rt></ruby>は<ruby>親切<rt>しんせつ</rt></ruby>です。,The residents of this area are kind.
取り壊し,とりこわし,Demolition,<ruby>古<rt>ふる</rt></ruby>い<ruby>建物<rt>たてもの</rt></ruby>の<ruby>取り壊<rt>とりこわ</rt></ruby>しが<ruby>始<rt>はじ</rt></ruby>まりました。,The demolition of the old building has started.
地所,じしょ,Land/estate,その<ruby>地所<rt>じしょ</rt></ruby>は<ruby>広大<rt>こうだい</rt></ruby>です。,That estate is vast.
地価,ちか,Land value,この<ruby>地域<rt>ちいき</rt></ruby>の<ruby>地価<rt>ちか</rt></ruby>は<ruby>上昇<rt>じょうしょう</rt></ruby>しています。,The land value in this area is rising.
地域,ちいき,Area/region,<ruby>地域<rt>ちいき</rt></ruby>の<ruby>イベント<rt>いべんと</rt></ruby>に<ruby>参加<rt>さんか</rt></ruby>しました。,I participated in a local event.
路線価,ろせんか,Standard land price,<ruby>路線価<rt>ろせんか</rt></ruby>を<ruby>調<rt>しら</rt></ruby>べてから<ruby>土地<rt>とち</rt></ruby>を<ruby>購入<rt>こうにゅう</rt></ruby>しました。,I checked the standard land price before buying the land.
日割り家賃,ひわりやちん,Pro-rated rent,<ruby>今月<rt>こんげつ</rt></ruby>は<ruby>日割<rt>ひわり</rt></ruby><ruby>家賃<rt>やちん</rt></ruby>が<ruby>適用<rt>てきよう</rt></ruby>されます。,Pro-rated rent will apply this month.
法定更新,ほうていこうしん,Statutory renewal,<ruby>契約<rt>けいやく</rt></ruby>の<ruby>法定更新<rt>ほうていこうしん</rt></ruby>が<ruby>必要<rt>ひつよう</rt></ruby>です。,A statutory renewal of the contract is required.
所有権,しょゆうけん,Ownership rights,この<ruby>土地<rt>とち</rt></ruby>の<ruby>所有権<rt>しょゆうけん</rt></ruby>を<ruby>取得<rt>しゅとく</rt></ruby>しました。,I acquired ownership rights to this land.
用途地域,ようとちいき,Zoning area,その<ruby>地域<rt>ちいき</rt></ruby>は<ruby>住宅用途地域<rt>じゅうたくようとちいき</rt></ruby>です。,That area is zoned for residential use.
土地,とち,Land,この<ruby>土地<rt>とち</rt></ruby>は、<ruby>自然環境<rt>しぜんかんきょう</rt></ruby>に<ruby>恵<rt>めぐ</rt></ruby>まれ、<ruby>住宅<rt>じゅうたく</rt></ruby><ruby>建設<rt>けんせつ</rt></ruby>に<ruby>最適<rt>さいてき</rt></ruby>な<ruby>場所<rt>ばしょ</rt></ruby>です。,"This land, blessed with a rich natural environment, is an ideal location for building a house."
建築基準法,けんちくきじゅんほう,Building standards law,この<ruby>建物<rt>たてもの</rt></ruby>は<ruby>建築基準法<rt>けんちくきじゅんほう</rt></ruby>に<ruby>従<rt>したが</rt></ruby>っています。,This building complies with the building standards law.
防災設備,ぼうさいせつび,Disaster prevention equipment,このビルには<ruby>最新<rt>さいしん</rt></ruby>の<ruby>防災設備<rt>ぼうさいせつび</rt></ruby>があります。,This building has the latest disaster prevention equipment.
立地,りっち,Location,この<ruby>店<rt>みせ</rt></ruby>は<ruby>立地<rt>りっち</rt></ruby>が<ruby>良<rt>よ</rt></ruby>いです。,This store has a good location.
交通の便,こうつうのべん,Transportation accessibility,<ruby>交通<rt>こうつう</rt></ruby>の<ruby>便<rt>べん</rt></ruby>が<ruby>良<rt>よ</rt></ruby>い<ruby>場所<rt>ばしょ</rt></ruby>に<ruby>住<rt>す</rt></ruby>みたいです。,I want to live in a place with good transportation accessibility.
風通し,かぜとおし,Ventilation,この<ruby>部屋<rt>へや</rt></ruby>は<ruby>風通<rt>かぜどお</rt></ruby>しが<ruby>良<rt>よ</rt></ruby>いです。,This room has good ventilation.
眺望,ちょうぼう,View (from a property),バルコニーからの<ruby>眺望<rt>ちょうぼう</rt></ruby>が<ruby>素晴<rt>すば</rt></ruby>らしいです。,The view from the balcony is wonderful.
契約更新,けいやくこうしん,Contract renewal,<ruby>契約更新<rt>けいやくこうしん</rt></ruby>の<ruby>手続<rt>てつづ</rt></ruby>きをしました。,I completed the contract renewal process.
収益物件,しゅうえきぶっけん,Investment property,<ruby>収益物件<rt>しゅうえきぶっけん</rt></ruby>としてこのビルを<ruby>購入<rt>こうにゅう</rt></ruby>しました。,I purchased this building as an investment property.
賃料,ちんりょう,Rental fee,<ruby>賃料<rt>ちんりょう</rt></ruby>は<ruby>毎月末<rt>まいつきまつ</rt></ruby>に<ruby>支払<rt>しはら</rt></ruby>います。,The rental fee is paid at the end of each month.
土地所有者,とちしょゆうしゃ,Landowner,<ruby>土地所有者<rt>とちしょゆうしゃ</rt></ruby>は、<ruby>地域開発<rt>ちいきかいはつ</rt></ruby>に<ruby>積極的<rt>せっきょくてき</rt></ruby>に<ruby>参加<rt>さんか</rt></ruby>し、<ruby>街<rt>まち</rt></ruby>の<ruby>景観<rt>けいかん</rt></ruby>を<ruby>向上<rt>こうじょう</rt></ruby>させています。,"The landowners are actively participating in local development, enhancing the town's landscape."
家主,やぬし,Homeowner/landlord,<ruby>家主<rt>やぬし</rt></ruby>が<ruby>修理<rt>しゅうり</rt></ruby>を<ruby>手配<rt>てはい</rt></ruby>してくれました。,The landlord arranged for repairs.
短期賃貸,たんきちんたい,Short-term rental,<ruby>短期賃貸<rt>たんきちんたい</rt></ruby>の<ruby>物件<rt>ぶっけん</rt></ruby>を<ruby>探<rt>さが</rt></ruby>しています。,I am looking for a short-term rental property.
長期賃貸,ちょうきちんたい,Long-term rental,このアパートは<ruby>長期賃貸<rt>ちょうきちんたい</rt></ruby>が<ruby>可能<rt>かのう</rt></ruby>です。,This apartment is available for long-term rental.
下見,したみ,Preliminary inspection/site visit,<ruby>物件<rt>ぶっけん</rt></ruby>の<ruby>下見<rt>げけん</rt></ruby>に<ruby>行<rt>い</rt></ruby>きました。,I went for a preliminary inspection of the property.
賃貸住宅,ちんたいじゅうたく,Rental housing,この<ruby>賃貸住宅<rt>ちんたいじゅうたく</rt></ruby>は、<ruby>駅<rt>えき</rt></ruby>から<ruby>徒歩<rt>とほ</rt></ruby>5<ruby>分<rt>ふん</rt></ruby>という<ruby>好立地<rt>こうりっち</rt></ruby>で、<ruby>若者<rt>わかもの</rt></ruby>や<ruby>単身者<rt>たんしんしゃ</rt></ruby>に<ruby>大人気<rt>だいにんき</rt></ruby>です。,"This rental housing, located just a 5-minute walk from the station, is very popular among young people and singles."
賃貸物件,ちんたいぶっけん,Rental property,この<ruby>賃貸物件<rt>ちんたいぶっけん</rt></ruby>は、<ruby>最新<rt>さいしん</rt></ruby>の<ruby>設備<rt>せつび</rt></ruby>が<ruby>揃<rt>そろ</rt></ruby>っていて、ペット<ruby>可<rt>か</rt></ruby>という<ruby>条件<rt>じょうけん</rt></ruby>も<ruby>魅力<rt>みりょく</rt></ruby>です。,"This rental property is equipped with the latest amenities, and the pet-friendly condition is also appealing."
居住用,きょじゅうよう,Residential use,このビルの<ruby>一階<rt>いっかい</rt></ruby>は<ruby>商業用<rt>しょうぎょうよう</rt></ruby>で、<ruby>上階<rt>じょうかい</rt></ruby>は<ruby>居住用<rt>きょじゅうよう</rt></ruby>に<ruby>使<rt>つか</rt></ruby>われています。,"The first floor of this building is for commercial use, while the upper floors are for residential use."
事務所,じむしょ,Office,<ruby>新<rt>あたら</rt></ruby>しい<ruby>事務所<rt>じむしょ</rt></ruby>に<ruby>移転<rt>いてん</rt></ruby>しました。,We moved to a new office.
店舗,てんぽ,Store/shop,<ruby>店舗<rt>てんぽ</rt></ruby>の<ruby>内装<rt>ないそう</rt></ruby>を<ruby>改装<rt>かいそう</rt></ruby>しました。,We renovated the store's interior.
倉庫,そうこ,Warehouse,<ruby>商品<rt>しょうひん</rt></ruby>は<ruby>倉庫<rt>そうこ</rt></ruby>に<ruby>保管<rt>ほかん</rt></ruby>されています。,The products are stored in the warehouse.
警備員,けいびいん,Security guard,<ruby>警備員<rt>けいびいん</rt></ruby>が<ruby>24時間<rt>にじゅうよじかん</rt></ruby><ruby>体制<rt>たいせい</rt></ruby>で<ruby>巡回<rt>じゅんかい</rt></ruby>しています。,The security guard patrols round the clock.
水道代,すいどうだい,Water bill,<ruby>水道代<rt>すいどうだい</rt></ruby>が<ruby>先月<rt>せんげつ</rt></ruby>より<ruby>高<rt>たか</rt></ruby>くなりました。,The water bill increased compared to last month.
電気代,でんきだい,Electricity bill,<ruby>電気代<rt>でんきだい</rt></ruby>を<ruby>節約<rt>せつやく</rt></ruby>する<ruby>方法<rt>ほうほう</rt></ruby>を<ruby>考<rt>かんが</rt></ruby>えています。,I am thinking of ways to save on the electricity bill.
ガス代,ガスだい,Gas bill,<ruby>冬<rt>ふゆ</rt></ruby>は<ruby>ガス代<rt>がすだい</rt></ruby>が<ruby>高<rt>たか</rt></ruby>くなります。,The gas bill increases in winter.
インターホン,インターホン,Intercom,<ruby>玄関<rt>げんかん</rt></ruby>にインターホンが<ruby>設置<rt>せっち</rt></ruby>されています。,An intercom is installed at the entrance.
エレベーター,エレベーター,Elevator,このビルにはエレベーターがあります。,This building has an elevator.
階段,かいだん,Stairs,<ruby>階段<rt>かいだん</rt></ruby>を<ruby>使<rt>つか</rt></ruby>って<ruby>5階<rt>ごかい</rt></ruby>まで<ruby>上<rt>あ</rt></ruby>がりました。,I used the stairs to go up to the fifth floor.
二重窓,にじゅうまど,Double windows (double-pane or two separate windows),<ruby>冬<rt>ふゆ</rt></ruby>は<ruby>二重窓<rt>にじゅうまど</rt></ruby>が<ruby>暖<rt>あたた</rt></ruby>かいです。,Double windows are warm in winter.
屋上,おくじょう,Rooftop,<ruby>屋上<rt>おくじょう</rt></ruby>からの<ruby>景色<rt>けしき</rt></ruby>が<ruby>素晴<rt>すば</rt></ruby>らしいです。,The view from the rooftop is amazing.
テラス,テラス,Terrace,テラスで<ruby>朝食<rt>ちょうしょく</rt></ruby>を<ruby>楽<rt>たの</rt></ruby>しみました。,I enjoyed breakfast on the terrace.
ロフト,ロフト,Loft,<ruby>部屋<rt>へや</rt></ruby>の<ruby>上<rt>うえ</rt></ruby>にロフトがあります。,There is a loft above the room.
寝室,しんしつ,Bedroom,<ruby>寝室<rt>しんしつ</rt></ruby>には<ruby>大<rt>おお</rt></ruby>きなベッドがあります。,There is a large bed in the bedroom.
居間,いま,Living room,<ruby>居間<rt>いま</rt></ruby>で<ruby>映画<rt>えいが</rt></ruby>を<ruby>見<rt>み</rt></ruby>ました。,I watched a movie in the living room.
食堂,しょくどう,Dining room,<ruby>食堂<rt>しょくどう</rt></ruby>で<ruby>家族<rt>かぞく</rt></ruby>と<ruby>夕食<rt>ゆうしょく</rt></ruby>を<ruby>取<rt>と</rt></ruby>りました。,I had dinner with my family in the dining room.
台所,だいどころ,Kitchen,<ruby>台所<rt>だいどころ</rt></ruby>には<ruby>最新<rt>さいしん</rt></ruby>の<ruby>家電<rt>かでん</rt></ruby>があります。,The kitchen has the latest appliances.
家電,かでん,Home appliance, <ruby>彼女<rt>かのじょ</rt></ruby>は<ruby>新<rt>あたら</rt></ruby>しい<ruby>家電<rt>かでん</rt></ruby>を<ruby>買<rt>か</rt></ruby>うために<ruby>電気屋<rt>でんきや</rt></ruby>に<ruby>行<rt>い</rt></ruby>きました。,She went to the electronics store to buy new appliances.
クローゼット,クローゼット,Closet,クローゼットに<ruby>洋服<rt>ようふく</rt></ruby>を<ruby>収納<rt>しゅうのう</rt></ruby>しました。,I stored my clothes in the closet.
押入れ,おしいれ,Traditional Japanese closet (built into a wall; usually with sliding doors),<ruby>布団<rt>ふとん</rt></ruby>は<ruby>押入<rt>おしい</rt></ruby>れに<ruby>入<rt>い</rt></ruby>れています。,The futon is stored in the closet.
畳,たたみ,Tatami mat,<ruby>和室<rt>わしつ</rt></ruby>には<ruby>畳<rt>たたみ</rt></ruby>が<ruby>敷<rt>し</rt></ruby>かれています。,The Japanese-style room has tatami mats.
和室,わしつ,Japanese-style room,<ruby>和室<rt>わしつ</rt></ruby>で<ruby>お茶<rt>おちゃ</rt></ruby>を<ruby>楽<rt>たの</rt></ruby>しみました。,I enjoyed tea in the Japanese-style room.
洋室,ようしつ,Western-style room,<ruby>洋室<rt>ようしつ</rt></ruby>にはベッドがあります。,The Western-style room has a bed.
水回り,みずまわり,"Wet areas (kitchen, bathroom)",<ruby>水回<rt>みずまわ</rt></ruby>りのリフォームを<ruby>計画<rt>けいかく</rt></ruby>しています。,I am planning a renovation of the wet areas.
リフォーム,リフォーム,Renovation,私たちは<ruby>家<rt>いえ</rt></ruby>をリフォームして、キッチンとバスルームを<ruby>新<rt>あたら</rt></ruby>しくしました。,"We renovated the house, making the kitchen and bathroom new."
照明,しょうめい,Lighting,<ruby>照明<rt>しょうめい</rt></ruby>を<ruby>新<rt>あたら</rt></ruby>しい<ruby>LED<rt>えるいーでぃー</rt></ruby>に<ruby>変<rt>か</rt></ruby>えました。,I changed the lighting to new LEDs.
冷暖房,れいだんぼう,Air conditioning and heating,この<ruby>部屋<rt>へや</rt></ruby>は<ruby>冷暖房<rt>れいだんぼう</rt></ruby><ruby>完備<rt>かんび</rt></ruby>です。,This room is fully equipped with air conditioning and heating.
防犯カメラ,ぼうはんカメラ,Security camera,アパートの<ruby>入口<rt>いりぐち</rt></ruby>と<ruby>駐車場<rt>ちゅうしゃじょう</rt></ruby>には<ruby>防犯<rt>ぼうはん</rt></ruby>カメラが<ruby>設置<rt>せっち</rt></ruby>されており、<ruby>住人<rt>じゅうにん</rt></ruby>の<ruby>安全<rt>あんぜん</rt></ruby>を<ruby>確保<rt>かくほ</rt></ruby>しています。,Security cameras have been installed at the entrance and parking lot of the apartment to ensure the safety of the residents.
鍵,かぎ,Key,<ruby>玄関<rt>げんかん</rt></ruby>の<ruby>鍵<rt>かぎ</rt></ruby>を<ruby>忘<rt>わす</rt></ruby>れました。,I forgot the key to the entrance.
玄関,げんかん,Entrance,<ruby>玄関<rt>げんかん</rt></ruby>で<ruby>靴<rt>くつ</rt></ruby>を<ruby>脱<rt>ぬ</rt></ruby>いでください。,Please take off your shoes at the entrance.
外壁,がいへき,Exterior wall,<ruby>外壁<rt>がいへき</rt></ruby>を<ruby>塗<rt>ぬ</rt></ruby>り<ruby>替<rt>か</rt></ruby>えました。,We repainted the exterior wall.
内装,ないそう,Interior decoration,<ruby>内装<rt>ないそう</rt></ruby>をモダンなデザインにしました。,I updated the interior decoration to a modern design.
契約条項,けいやくじょうこう,Contract terms,<ruby>契約条項<rt>けいやくじょうこう</rt></ruby>をよく<ruby>読<rt>よ</rt></ruby>んでください。,Please read the contract terms carefully.
賃借人,ちんしゃくにん,Lessee,<ruby>賃借人<rt>ちんしゃくにん</rt></ruby>は<ruby>家賃<rt>やちん</rt></ruby>を<ruby>毎月<rt>まいつき</rt></ruby><ruby>払<rt>はら</rt></ruby>います。,The lessee pays the rent monthly.
賃貸人,ちんたいにん,Lessor,<ruby>賃貸人<rt>ちんたいにん</rt></ruby>が<ruby>契約書<rt>けいやくしょ</rt></ruby>を<ruby>用意<rt>ようい</rt></ruby>しました。,The lessor prepared the contract document.
礼金不要,れいきんふよう,No key money required,このアパートは<ruby>礼金<rt>れいきん</rt></ruby><ruby>不要<rt>ふよう</rt></ruby>です。,No key money is required for this apartment.
敷金不要,しききんふよう,No security deposit required,この<ruby>物件<rt>ぶっけん</rt></ruby>は<ruby>敷金不要<rt>しききんふよう</rt></ruby>です。,No security deposit is required for this property.
定期借家契約,ていきしゃくやけいやく,Fixed-term lease agreement,<ruby>定期借家契約<rt>ていきしゃくやけいやく</rt></ruby>を<ruby>結<rt>むす</rt></ruby>びました。,I signed a fixed-term lease agreement.
定住,ていじゅう,Permanent residence,この<ruby>地域<rt>ちいき</rt></ruby>は<ruby>自然<rt>しぜん</rt></ruby>が<ruby>豊<rt>ゆた</rt></ruby>かで、<ruby>定住<rt>ていじゅう</rt></ruby>に<ruby>向<rt>む</rt></ruby>いていると<ruby>評判<rt>ひょうばん</rt></ruby>です。,"This area is known for its rich nature, making it popular for permanent residency."
借地権,しゃくちけん,Lease; Leasehold rights,この<ruby>土地<rt>とち</rt></ruby>に<ruby>家<rt>いえ</rt></ruby>を<ruby>建<rt>た</rt></ruby>てるためには、<ruby>借地権<rt>しゃくちけん</rt></ruby>を<ruby>取得<rt>しゅとく</rt></ruby>する<ruby>必要<rt>ひつよう</rt></ruby>があります。,"To build a house on this land, you need to acquire the right to lease the land."
地上権,ちじょうけん,Surface rights (rights to build a house on land owned by someone else),この<ruby>不動産<rt>ふどうさん</rt></ruby>には、<ruby>地上権<rt>ちじょうけん</rt></ruby>が<ruby>設定<rt>せってい</rt></ruby>されており、<ruby>長期間<rt>ちょうきかん</rt></ruby>の<ruby>使用<rt>しよう</rt></ruby>が<ruby>保証<rt>ほしょう</rt></ruby>されています。,"This property has surface rights established, ensuring long-term use."
区分所有,くぶんしょゆう,Condominium ownership,<ruby>区分所有<rt>くぶんしょゆう</rt></ruby>でマンションを<ruby>購入<rt>こうにゅう</rt></ruby>しました。,I purchased a condominium with ownership rights.
分譲,ぶんじょう,Selling (real-estate) lots,<ruby>新<rt>あたら</rt></ruby>しい<ruby>分譲地<rt>ぶんじょうち</rt></ruby>が<ruby>販売<rt>はんばい</rt></ruby>されています。,New lots are being sold.
分譲マンション,ぶんじょうマンション,Condominium for sale,この<ruby>分譲<rt>ぶんじょう</rt></ruby>マンションは、セキュリティが<ruby>高<rt>たか</rt></ruby>く、<ruby>子育<rt>こそだ</rt></ruby>て<ruby>世代<rt>せだい</rt></ruby>に<ruby>人気<rt>にんき</rt></ruby>があります。,This condominium for sale is known for its high security and is popular among families with children.
購入,こうにゅう,Purchase,<ruby>新<rt>あたら</rt></ruby>しい<ruby>家<rt>いえ</rt></ruby>を<ruby>購入<rt>こうにゅう</rt></ruby>しました。,I purchased a new house.
売却,ばいきゃく,Sale,<ruby>古<rt>ふる</rt></ruby>い<ruby>家<rt>いえ</rt></ruby>を<ruby>売却<rt>ばいきゃく</rt></ruby>しました。,I sold my old house.
価格交渉,かかくこうしょう,Price negotiation,<ruby>購入前<rt>こうにゅうまえ</rt></ruby>に、<ruby>価格交渉<rt>かかくこうしょう</rt></ruby>を<ruby>行<rt>おこな</rt></ruby>って<ruby>少<rt>すこ</rt></ruby>しでも<ruby>安<rt>やす</rt></ruby>く<ruby>購入<rt>こうにゅう</rt></ruby>したいと<ruby>思<rt>おも</rt></ruby>っています。,"Before buying, I want to engage in price negotiation to buy it as cheaply as possible."
賃料交渉,ちんりょうこうしょう,Rent negotiation,<ruby>賃料交渉<rt>ちんりょうこうしょう</rt></ruby>で<ruby>値下<rt>ねさ</rt></ruby>げを<ruby>成功<rt>せいこう</rt></ruby>しました。,I successfully negotiated a rent reduction.
競売,きょうばい,Auction,<ruby>競売<rt>きょうばい</rt></ruby>で<ruby>物件<rt>ぶっけん</rt></ruby>を<ruby>買<rt>か</rt></ruby>いました。,I bought a property at an auction.
入札,にゅうさつ,Bid,この<ruby>物件<rt>ぶっけん</rt></ruby>の<ruby>入札<rt>にゅうさつ</rt></ruby>は<ruby>非常<rt>ひじょう</rt></ruby>に<ruby>競争<rt>きょうそう</rt></ruby>が<ruby>激<rt>はげ</rt></ruby>しく、<ruby>最高額<rt>さいこうがく</rt></ruby>を<ruby>提示<rt>ていじ</rt></ruby>した<ruby>人<rt>ひと</rt></ruby>が<ruby>落札<rt>らくさつ</rt></ruby>しました。,"The bidding for this property was extremely competitive, and the person who offered the highest amount won the auction."
住宅地,じゅうたくち,Residential area,この<ruby>住宅地<rt>じゅうたくち</rt></ruby>はとても<ruby>静<rt>しず</rt></ruby>かです。,This residential area is very quiet.
商業地,しょうぎょうち,Commercial area,<ruby>商業地<rt>しょうぎょうち</rt></ruby>に<ruby>新<rt>あたら</rt></ruby>しい<ruby>店<rt>みせ</rt></ruby>を<ruby>開<rt>ひら</rt></ruby>きました。,I opened a new store in the commercial area.
工業地,こうぎょうち,Industrial area,<ruby>工業地<rt>こうぎょうち</rt></ruby>で<ruby>工場<rt>こうじょう</rt></ruby>を<ruby>建設中<rt>けんせつちゅう</rt></ruby>です。,A factory is under construction in the industrial area.
再開発,さいかいはつ,Redevelopment,<ruby>市<rt>し</rt></ruby>の<ruby>中心部<rt>ちゅうしんぶ</rt></ruby>では、<ruby>再開発<rt>さいかいはつ</rt></ruby>が<ruby>行<rt>おこな</rt></ruby>われており、<ruby>新<rt>あたら</rt></ruby>しい<ruby>商業施設<rt>しょうぎょうしせつ</rt></ruby>や<ruby>住宅<rt>じゅうたく</rt></ruby>が<ruby>建設<rt>けんせつ</rt></ruby>されています。,"In the city center, redevelopment is taking place, with new commercial facilities and residences being constructed."
新興住宅地,しんこうじゅうたくち,New residential area,<ruby>新興<rt>しんこう</rt></ruby><ruby>住宅地<rt>じゅうたくち</rt></ruby>で<ruby>家<rt>いえ</rt></ruby>を<ruby>買<rt>か</rt></ruby>いました。,I bought a house in a new residential area.
住環境,じゅうかんきょう,Living environment,<ruby>住環境<rt>じゅうかんきょう</rt></ruby>が<ruby>良<rt>よ</rt></ruby>い<ruby>場所<rt>ばしょ</rt></ruby>を<ruby>探<rt>さが</rt></ruby>しています。,I am looking for a place with a good living environment.
騒音問題,そうおんもんだい,Noise issue,<ruby>騒音問題<rt>そうおんもんだい</rt></ruby>で<ruby>苦情<rt>くじょう</rt></ruby>が<ruby>出<rt>で</rt></ruby>ています。,There have been complaints about noise issues.
境界線,きょうかいせん,Boundary line,<ruby>隣地<rt>りんち</rt></ruby>との<ruby>境界線<rt>きょうかいせん</rt></ruby>が<ruby>明確<rt>めいかく</rt></ruby>になっていないため、<ruby>土地<rt>とち</rt></ruby>の<ruby>所有権<rt>しょゆうけん</rt></ruby>について<ruby>議論<rt>ぎろん</rt></ruby>が<ruby>起<rt>お</rt></ruby>こっています。,"Because the boundary line with the neighboring land is not clear, there's a dispute regarding land ownership."
地盤,じばん,Foundation; ground,このビルの<ruby>地盤<rt>じばん</rt></ruby>が<ruby>弱<rt>よわ</rt></ruby>いので、<ruby>地震<rt>じしん</rt></ruby>が<ruby>来<rt>く</rt></ruby>ると<ruby>倒<rt>たお</rt></ruby>れる<ruby>可能性<rt>かのうせい</rt></ruby>があります。,"The foundation of this building is weak, so there's a possibility it could collapse during an earthquake."
地震対策,じしんたいさく,Earthquake preparedness,この<ruby>地域<rt>ちいき</rt></ruby>では、<ruby>地震対策<rt>じしんたいさく</rt></ruby>として<ruby>建物<rt>たてもの</rt></ruby>の<ruby>耐震補強<rt>たいしんほきょう</rt></ruby>が<ruby>行<rt>おこな</rt></ruby>われています。,"In this area, seismic reinforcement of buildings is being carried out as a measure against earthquakes."
消防設備,しょうぼうせつび,Firefighting equipment,<ruby>消防設備<rt>しょうぼうせつび</rt></ruby>の<ruby>点検<rt>てんけん</rt></ruby>を<ruby>行<rt>おこな</rt></ruby>いました。,We conducted inspections of the firefighting equipment.
避難経路,ひなんけいろ,Evacuation route,マンションの<ruby>各階<rt>かくかい</rt></ruby>には、<ruby>明確<rt>めいかく</rt></ruby>な<ruby>避難経路<rt>ひなんけいろ</rt></ruby>が<ruby>示<rt>しめ</rt></ruby>され、<ruby>火災<rt>かさい</rt></ruby>や<ruby>地震<rt>じしん</rt></ruby>の<ruby>際<rt>さい</rt></ruby>に<ruby>迅速<rt>じんそく</rt></ruby>に<ruby>避難<rt>ひなん</rt></ruby>できるようになっています。,"Each floor of the apartment building has clearly indicated evacuation routes, allowing for quick evacuation in case of fire or an earthquake."
共用施設,きょうようしせつ,Communal facilities,<ruby>共用施設<rt>きょうようしせつ</rt></ruby>が<ruby>充実<rt>じゅうじつ</rt></ruby>しています。,The communal facilities are well-equipped.
管理組合,かんりくみあい,Management association,<ruby>管理組合<rt>かんりくみあい</rt></ruby>の<ruby>会議<rt>かいぎ</rt></ruby>に<ruby>出席<rt>しゅっせき</rt></ruby>しました。,I attended the management association meeting.
修繕積立金,しゅうぜんつみたてきん,Maintenance fee; reserve fund for building repairs,<ruby>修繕積立金<rt>しゅうぜんつみたてきん</rt></ruby>を<ruby>毎月<rt>まいつき</rt></ruby><ruby>支払<rt>しはら</rt></ruby>います。,I pay the maintenance fee monthly.
住宅手当,じゅうたくてあて,Housing allowance,<ruby>会社<rt>かいしゃ</rt></ruby>から<ruby>住宅手当<rt>じゅうたくてあて</rt></ruby>を<ruby>受<rt>う</rt></ruby>け<ruby>取<rt>と</rt></ruby>っています。,I receive a housing allowance from my company.
引っ越し業者,ひっこしぎょうしゃ,Moving company,<ruby>引<rt>ひ</rt></ruby>っ<ruby>越<rt>こ</rt></ruby>し<ruby>業者<rt>ぎょうしゃ</rt></ruby>を<ruby>選<rt>えら</rt></ruby>ぶ<ruby>際<rt>さい</rt></ruby>は、サービス<ruby>内容<rt>ないよう</rt></ruby>や<ruby>料金<rt>りょうきん</rt></ruby>だけでなく、<ruby>口<rt>くち</rt></ruby>コミも<ruby>参考<rt>さんこう</rt></ruby>にすることが<ruby>重要<rt>じゅうよう</rt></ruby>です。,"When choosing a moving company, it's important to consider not only the services and fees but also the reviews."
荷造り,にづくり,Packing,引越しに備えて、<ruby>引越<rt>ひっこし</rt></ruby>しに<ruby>備<rt>そな</rt></ruby>えて、<ruby>荷造<rt>にづく</rt></ruby>りを<ruby>効率<rt>こうりつ</rt></ruby>よく<ruby>行<rt>おこな</rt></ruby>うためには、<ruby>事前<rt>じぜん</rt></ruby>にリストを<ruby>作<rt>つく</rt></ruby>るのが<ruby>有効<rt>ゆうこう</rt></ruby>です。,"To pack efficiently for a move, it's effective to make a list in advance."
交通量,こうつうりょう,Traffic volume,この<ruby>通り<rt>とおり</rt></ruby>の<ruby>交通量<rt>こうつうりょう</rt></ruby>が<ruby>多<rt>おお</rt></ruby>いです。,There is a high traffic volume on this street.
公共交通機関,こうきょうこうつうきかん,Public transportation,この<ruby>地区<rt>ちく</rt></ruby>は<ruby>公共交通機関<rt>こうきょうこうつうきかん</rt></ruby>が<ruby>発達<rt>はったつ</rt></ruby>しており、<ruby>車<rt>くるま</rt></ruby>を<ruby>持<rt>も</rt></ruby>たなくても<ruby>生活<rt>せいかつ</rt></ruby>が<ruby>便利<rt>べんり</rt></ruby>です。,"This district has well-developed public transportation, making life convenient even without a car."
駅近,えきちか,Close to station,<ruby>駅近<rt>えきちか</rt></ruby>のアパートを<ruby>探<rt>さが</rt></ruby>しています。,I am looking for an apartment close to the station.
バス停,バスてい,Bus stop,<ruby>家<rt>いえ</rt></ruby>の<ruby>近<rt>ちか</rt></ruby>くにバス<ruby>停<rt>てい</rt></ruby>があるので、<ruby>通勤<rt>つうきん</rt></ruby>や<ruby>通学<rt>つうがく</rt></ruby>が<ruby>非常<rt>ひじょう</rt></ruby>に<ruby>楽<rt>らく</rt></ruby>になります。,Having a bus stop near the house makes commuting to work or school much easier.
周辺施設,しゅうへんしせつ,Nearby facilities,<ruby>周辺施設<rt>しゅうへんしせつ</rt></ruby>が<ruby>便利<rt>べんり</rt></ruby>です。,The nearby facilities are convenient.
商店街,しょうてんがい,Shopping street,<ruby>商店街<rt>しょうてんがい</rt></ruby>で<ruby>買物<rt>かいもの</rt></ruby>をしました。,I did some shopping on the shopping street.
スーパー,スーパー,Supermarket,スーパーで<ruby>食材<rt>しょくざい</rt></ruby>を<ruby>買<rt>か</rt></ruby>いました。,I bought groceries at the supermarket.
コンビニ,コンビニ,Convenience store,コンビニでお<ruby>弁当<rt>べんとう</rt></ruby>を<ruby>買<rt>か</rt></ruby>いました。,I bought a bento at the convenience store.
学区,がっく,School district,この<ruby>地域<rt>ちいき</rt></ruby>は<ruby>評判<rt>ひょうばん</rt></ruby>の<ruby>良<rt>よ</rt></ruby>い<ruby>学区<rt>がっく</rt></ruby>です。,This area is in a well-regarded school district.
保証金,ほしょうきん,Deposit,<ruby>契約<rt>けいやく</rt></ruby>には<ruby>保証金<rt>ほしょうきん</rt></ruby>が<ruby>必要<rt>ひつよう</rt></ruby>です。,A deposit is required for the contract.
手付金,てつけきん,Deposit; good-faith deposit,<ruby>新<rt>あたら</rt></ruby>しい<ruby>家<rt>いえ</rt></ruby>を<ruby>買<rt>か</rt></ruby>うときに、<ruby>手付金<rt>てつけきん</rt></ruby>として<ruby>100万円<rt>ひゃくまんえん</rt></ruby>を<ruby>支払<rt>しはら</rt></ruby>いました。,"When buying a new house, I paid one million yen as a deposit."
分譲地,ぶんじょうち,Land for sale,<ruby>郊外<rt>こうがい</rt></ruby>の<ruby>分譲地<rt>ぶんじょうち</rt></ruby>は、<ruby>自然<rt>しぜん</rt></ruby>に<ruby>囲<rt>かこ</rt></ruby>まれていて、<ruby>家族<rt>かぞく</rt></ruby>でゆったりとした<ruby>生活<rt>せいかつ</rt></ruby>を<ruby>楽<rt>たの</rt></ruby>しむのに<ruby>最適<rt>さいてき</rt></ruby>です。,"Suburban lots for sale are surrounded by nature, making them ideal for a relaxed family life."
開発用地,かいはつようち,Development land,この<ruby>開発用地<rt>かいはつようち</rt></ruby>は、<ruby>新<rt>あたら</rt></ruby>しい<ruby>商業施設<rt>しょうぎょうしせつ</rt></ruby>や<ruby>住宅地<rt>じゅうたくち</rt></ruby>を<ruby>建設<rt>けんせつ</rt></ruby>する<ruby>計画<rt>けいかく</rt></ruby>が<ruby>立<rt>た</rt></ruby>てられています。,This land for development is planned for the construction of new commercial facilities and residential areas.
建売住宅,たてうりじゅうたく,Ready-made house,<ruby>建売住宅<rt>たてうりじゅうたく</rt></ruby>は、すぐに<ruby>引<rt>ひ</rt></ruby>っ<ruby>越<rt>こ</rt></ruby>しが<ruby>可能<rt>かのう</rt></ruby>で、<ruby>手軽<rt>てがる</rt></ruby>にマイホームを<ruby>持<rt>も</rt></ruby>つことができる<ruby>選択肢<rt>せんたくし</rt></ruby>です。,Pre-built houses are an option for those who want to move in quickly and easily own a home.
中古住宅,ちゅうこじゅうたく,Existing home,<ruby>中古住宅<rt>ちゅうこじゅうたく</rt></ruby>をリフォームしました。,I renovated an existing home.
設計図,せっけいず,Blueprint,<ruby>設計図<rt>せっけいず</rt></ruby>を<ruby>見<rt>み</rt></ruby>て、どのように<ruby>内装<rt>ないそう</rt></ruby>やレイアウトを<ruby>計画<rt>けいかく</rt></ruby>するかを<ruby>話<rt>はな</rt></ruby>し<ruby>合<rt>あ</rt></ruby>いました。,We discussed how to plan the interior and layout based on the architectural drawings.
建築確認,けんちくかくにん,Building certification; building permit,<ruby>建築確認<rt>けんちくかくにん</rt></ruby>が<ruby>完了<rt>かんりょう</rt></ruby>したら、ようやく<ruby>工事<rt>こうじ</rt></ruby>が<ruby>始<rt>はじ</rt></ruby>まるので、それまでに<ruby>全<rt>すべ</rt></ruby>ての<ruby>準備<rt>じゅんび</rt></ruby>を<ruby>整<rt>ととの</rt></ruby>えておく<ruby>必要<rt>ひつよう</rt></ruby>があります。,"Once the building permit is approved, construction can finally start, so all preparations must be completed by then."
着工,ちゃっこう,Construction start,<ruby>来月<rt>らいげつ</rt></ruby>から<ruby>着工<rt>ちゃっこう</rt></ruby>が<ruby>始<rt>はじ</rt></ruby>まる<ruby>予定<rt>よてい</rt></ruby>なので、<ruby>最終的<rt>さいしゅうてき</rt></ruby>なプランを<ruby>確認<rt>かくにん</rt></ruby>する<ruby>必要<rt>ひつよう</rt></ruby>があります。,"Construction is scheduled to start next month, so we need to confirm the final plan."
竣工,しゅんこう,Completion of construction,<ruby>竣工式<rt>しゅんこうしき</rt></ruby>では、<ruby>長<rt>なが</rt></ruby>い<ruby>建設期間<rt>けんせつきかん</rt></ruby>を<ruby>経<rt>へ</rt></ruby>て<ruby>完成<rt>かんせい</rt></ruby>した<ruby>新<rt>あたら</rt></ruby>しいビルがお<ruby>披露目<rt>ひろめ</rt></ruby>されました。,"At the completion ceremony, the new building, which took a long construction period, was unveiled."
引き渡し,ひきわたし,Handover,<ruby>引き渡<rt>ひきわた</rt></ruby>しは<ruby>来週<rt>らいしゅう</rt></ruby>で、それまでに<ruby>全<rt>すべ</rt></ruby>ての<ruby>検査<rt>けんさ</rt></ruby>と<ruby>最終確認<rt>さいしゅうかくにん</rt></ruby>が<ruby>必要<rt>ひつよう</rt></ruby>です。,"The handover is next week, so all inspections and final checks must be done by then."
入居手続き,にゅうきょてつづき,Move-in procedures,<ruby>入居手続<rt>にゅうきょてつづ</rt></ruby>きはスムーズに<ruby>進<rt>すす</rt></ruby>んでおり、<ruby>来月<rt>らいげつ</rt></ruby>から<ruby>新<rt>あたら</rt></ruby>しいアパートで<ruby>生活<rt>せいかつ</rt></ruby>が<ruby>始<rt>はじ</rt></ruby>まる<ruby>予定<rt>よてい</rt></ruby>です。,"The move-in procedures are going smoothly, and we plan to start living in the new apartment next month."
退去手続き,たいきょてつづき,Move-out procedures,<ruby>退去手続<rt>たいきょてつづ</rt></ruby>きには、<ruby>清掃<rt>せいそう</rt></ruby>や<ruby>修繕<rt>しゅうぜん</rt></ruby>の<ruby>確認<rt>かくにん</rt></ruby>が<ruby>含<rt>ふく</rt></ruby>まれるため、<ruby>時間<rt>じかん</rt></ruby>と<ruby>手間<rt>てま</rt></ruby>がかかります。,"The moving-out process includes checking for cleaning and repairs, which takes time and effort."
明け渡し,あけわたし,Vacating,<ruby>部屋<rt>へや</rt></ruby>の<ruby>明<rt>あ</rt></ruby>け<ruby>渡<rt>わた</rt></ruby>しは<ruby>来月末<rt>らいげつまつ</rt></ruby>で、その<ruby>前<rt>まえ</rt></ruby>に<ruby>全<rt>すべ</rt></ruby>ての<ruby>荷物<rt>にもつ</rt></ruby>を<ruby>引き払<rt>ひきはら</rt></ruby>う<ruby>必要<rt>ひつよう</rt></ruby>があります。,"The surrender of the room is at the end of next month, so all belongings must be removed beforehand."
短縮契約,たんしゅくけいやく,Shortened contract,<ruby>短縮契約<rt>たんしゅくけいやく</rt></ruby>を<ruby>結<rt>むす</rt></ruby>んだことで、<ruby>試用期間<rt>しようきかん</rt></ruby>が<ruby>3ヶ月<rt>さんかげつ</rt></ruby>から<ruby>1ヶ月<rt>いっかげつ</rt></ruby>に<ruby>短縮<rt>たんしゅく</rt></ruby>されました。,"By entering into a shortened contract, the probationary period was reduced from three months to one month."
